path	node_id	zone_id	zone_label	status	classes	functions	lines	bytes	sha256
src/mechanist/AbstractDistantZoneSimulation.java	M_src_mechanist_AbstractDistantZoneSimulation_java	UI_INPUT	UI Input Navigation	positioned	3	9	140	6000	e3de6c94733229ac182fd2ecfe0f1d4b632ca8bfd689162e4a1c95e0174e6778
src/mechanist/AccessibilityCompatibilityAuthority.java	M_src_mechanist_AccessibilityCompatibilityAuthority_java	UI_RENDER	UI Render Surfaces	positioned	2	11	137	6191	fca106671a49e88a11af0f85bdde20acd8ae62778e877421157f970a896e4c18
src/mechanist/AccessibilityRuntimeOptionsSubsystem.java	M_src_mechanist_AccessibilityRuntimeOptionsSubsystem_java	UI_RENDER	UI Render Surfaces	positioned	1	10	76	3605	aee716a87575b469e0e23edfbd3160ac55c680d5962e9d12068c361f620fa89f
src/mechanist/AdminCommandDispatcher.java	M_src_mechanist_AdminCommandDispatcher_java	UI_RENDER	UI Render Surfaces	positioned	2	34	342	19055	31fc46253d30737b5c2afca7f2521e4b0a8934672c3ef52c4c5af919f8ccb001
src/mechanist/AdminDeobfuscatorPanel.java	M_src_mechanist_AdminDeobfuscatorPanel_java	UI_RENDER	UI Render Surfaces	positioned	1	13	257	11230	385e227de21b70950a5126ef851e33a16507f715183b502432aefbb0a69315f9
src/mechanist/AdminSecurityLogger.java	M_src_mechanist_AdminSecurityLogger_java	UI_INPUT	UI Input Navigation	positioned	1	5	53	2266	a2cc9fa46e954239814c9f317b2e8e8314024618127005d391bd0ece30d4f6fa
src/mechanist/AfkSessionWatchdog.java	M_src_mechanist_AfkSessionWatchdog_java	UI_INPUT	UI Input Navigation	positioned	3	8	64	3006	d976f48e7704d73aba112cb41854b1ca420bc92c2afb4067d43465c44f13b78d
src/mechanist/AgeAndWorldTimeAuthority.java	M_src_mechanist_AgeAndWorldTimeAuthority_java	UI_RENDER	UI Render Surfaces	positioned	1	15	111	5312	66e43d28da3a48f2564b7f217ba10e27ad9f63f82a880e35d75bea92e1ada5dd
src/mechanist/AppIconAuthority.java	M_src_mechanist_AppIconAuthority_java	UI_RENDER	UI Render Surfaces	positioned	1	6	91	3533	a31b18b0198f4ecf87ad3efa24d7b7164f4af058ebb4854fd505b0292e554518
src/mechanist/ApplicationRuntimeMode.java	M_src_mechanist_ApplicationRuntimeMode_java	UI_INPUT	UI Input Navigation	positioned	1	1	25	727	a289c4bdb3a5ffd169a7686741dcaa0db594c3b0073e89c8f886b80d7b499bf6
src/mechanist/ArbitesPrecinctFixtureAuthority.java	M_src_mechanist_ArbitesPrecinctFixtureAuthority_java	UI_RENDER	UI Render Surfaces	positioned	2	18	202	13730	facf2be78e543fcb1b9c0038cb59dd1f3777b3ea84b545a6afa1369adae6b5f5
src/mechanist/ArtPackManager.java	M_src_mechanist_ArtPackManager_java	UI_RENDER	UI Render Surfaces	positioned	2	19	360	14389	ce3860d161f26353cf960de96fa55a58e5fc493b35a5d758b9697b127b43b915
src/mechanist/AssetIntegrationDisciplineAuthority.java	M_src_mechanist_AssetIntegrationDisciplineAuthority_java	UI_RENDER	UI Render Surfaces	positioned	1	8	518	35358	5c93fff96f38ec5d7408c20aee9099123edf9ce924cbd3574a97bec7e3f05beb
src/mechanist/AssetRegistryHardeningAuthority.java	M_src_mechanist_AssetRegistryHardeningAuthority_java	UI_RENDER	UI Render Surfaces	positioned	2	7	175	7412	4d1a24ccf56f73177650c1c27900d9c1bf42e1edc84bc9eb580344baad9fd98e
src/mechanist/AudioRuntimeFramework.java	M_src_mechanist_AudioRuntimeFramework_java	UI_RENDER	UI Render Surfaces	positioned	2	43	424	22717	3e235e273c3c0c80d41f43fd802e2fbcecc0819169989cf5372f51fe131ea4c3
src/mechanist/AuthoritativeAeadPacketValidator.java	M_src_mechanist_AuthoritativeAeadPacketValidator_java	UI_RENDER	UI Render Surfaces	positioned	3	8	111	5691	67b11aafcd73866b8e26c262f2d495385b6cf106616d4ca59081896997c1397b
src/mechanist/AuthoritativeWorldGrid.java	M_src_mechanist_AuthoritativeWorldGrid_java	WORLD_GEN	World Generation Transition	positioned	3	7	57	2082	4d2932f4ebf515e8816325fcb921fa32054258e1dd68893d15de89e8064bf4b2
src/mechanist/AuthoritativeWorldRuntime.java	M_src_mechanist_AuthoritativeWorldRuntime_java	UI_RENDER	UI Render Surfaces	positioned	3	14	173	8819	ddb1868c3e598acfb030d0b81159c715e786668fb3ced372eada1331b9d598d3
src/mechanist/BarMarketSocialFixtureAuthority.java	M_src_mechanist_BarMarketSocialFixtureAuthority_java	UI_RENDER	UI Render Surfaces	positioned	2	21	202	12127	32eb8edb5796be1d801511058d2dd68bed2937c5ce18440df2c71e163e753e7a
src/mechanist/BlueprintConstructionAuthority.java	M_src_mechanist_BlueprintConstructionAuthority_java	UI_INPUT	UI Input Navigation	positioned	15	27	299	17641	02d517d29dc9ccb19d7fa50858c904033099f1b2b9faa0415cb47218889c2e92
src/mechanist/BootSurfacePainter.java	M_src_mechanist_BootSurfacePainter_java	UI_RENDER	UI Render Surfaces	positioned	1	2	35	1535	804927bed7c70af56fd0e02370c4044bfcf1ece26ce7b0be84f02a947a3a75af
src/mechanist/CharacterIdentityFramework.java	M_src_mechanist_CharacterIdentityFramework_java	UI_RENDER	UI Render Surfaces	positioned	8	52	430	34982	61920a320ffc535f3af737272955ee34a12382cc8198b24dc17b9e33f4ee8691
src/mechanist/CharacterNameKeyController.java	M_src_mechanist_CharacterNameKeyController_java	UI_RENDER	UI Render Surfaces	positioned	1	2	38	1500	a5df4e15f50a74f420448ec69822f0231dd8262b5eb1200f21585131326280b2
src/mechanist/CharacterSaveManager.java	M_src_mechanist_CharacterSaveManager_java	UI_INPUT	UI Input Navigation	positioned	1	6	79	3920	c12b579d9f186ce74ffc45fb4f2736d093282a81020d1a122f6f0daa5b7274af
src/mechanist/CharacterStateRecord.java	M_src_mechanist_CharacterStateRecord_java	UI_INPUT	UI Input Navigation	positioned	1	5	84	4058	12a9bbc6e9c75ebad37e22bee501036bad855526efeffcd24047aad3f10adeeb
src/mechanist/ChatRuntimeAuthority.java	M_src_mechanist_ChatRuntimeAuthority_java	UI_RENDER	UI Render Surfaces	positioned	5	25	322	14901	c17aa58581caad865576077603accf7cfb46a2ae47dae9ea8134af0f5468c9d4
src/mechanist/ClientLauncherContext.java	M_src_mechanist_ClientLauncherContext_java	UI_INPUT	UI Input Navigation	positioned	3	17	203	8303	42725f0f4da721a0db749c7616aa38a7d9524bfbbc10c298789952d1e040d564
src/mechanist/ClientPackageLaunchAuthority.java	M_src_mechanist_ClientPackageLaunchAuthority_java	RUNTIME_OPTIONS	Runtime Options	positioned	1	7	100	4023	c0e85bce8cb23fd5219a959fe8272c23b24e739c40a2e8aa7474de10785c4e9a
src/mechanist/Clothing.java	M_src_mechanist_Clothing_java	UI_RENDER	UI Render Surfaces	positioned	1	5	28	1352	97eccc886fd6dab86a3e9f942cf070d400cf4a903f01cd8d6947fcb7089df38d
src/mechanist/CombatRuntimeFramework.java	M_src_mechanist_CombatRuntimeFramework_java	UI_RENDER	UI Render Surfaces	positioned	8	18	196	10334	1a8e0d658a7bb9d7fcbf2dc0b19e7aed0a54989365e70d66d86e9c8b2c6b4366
src/mechanist/ConstructionGovernanceAuthority.java	M_src_mechanist_ConstructionGovernanceAuthority_java	WORLD_GEN	World Generation Transition	positioned	6	18	300	19027	9c2a30183e1da8d58f48fc1041b8405ef137fcbaaf996b66446ad59085da2fa8
src/mechanist/ConstructionPlacementFeedbackAuthority.java	M_src_mechanist_ConstructionPlacementFeedbackAuthority_java	UI_RENDER	UI Render Surfaces	positioned	1	11	97	3826	ba9e29331cf97868fea1cc261937a784789ec2078a109a68534f8f912ceb7cd0
src/mechanist/ConstructionValidationInspectionAuthority.java	M_src_mechanist_ConstructionValidationInspectionAuthority_java	UI_RENDER	UI Render Surfaces	positioned	1	5	68	3748	c44eeceb079ef7c83dfc5396f0bc0af5fe731cb51bfacab8edbe3d9f18bef143
src/mechanist/ContainerTradeFramework.java	M_src_mechanist_ContainerTradeFramework_java	UI_RENDER	UI Render Surfaces	positioned	9	92	802	69293	64779ca7bcaf40496fedd23a064c7e8c403b89e2e7e48214dc194de84ea82320
src/mechanist/ContinuousGridMovementFramework.java	M_src_mechanist_ContinuousGridMovementFramework_java	UI_RENDER	UI Render Surfaces	positioned	9	38	387	15749	fc9c60dda9b2f33a08aca05cf409d1e44f1e9063d6a3c7b3e4b125075416f1fe
src/mechanist/ControlReferenceTextSubsystem.java	M_src_mechanist_ControlReferenceTextSubsystem_java	UI_RENDER	UI Render Surfaces	positioned	1	12	192	9295	404f4eb5eadf1151adeb322359636f63a8bbfd2b8d319d27c8f83ae76ecdf291
src/mechanist/CrashDeobfuscatorEngine.java	M_src_mechanist_CrashDeobfuscatorEngine_java	UI_INPUT	UI Input Navigation	positioned	2	14	155	7374	0ac334e946fe44d7080bba083adb4d06f82e02fe99ef0b26c27fefb4af442a11
src/mechanist/DebugLog.java	M_src_mechanist_DebugLog_java	RUNTIME_OPTIONS	Runtime Options	positioned	1	19	115	4794	95dc0c2a9804a1d84c6128d8327857aed072ae576456b4b7e943895556b6d377
src/mechanist/DefenseBuildSelectionAuthority.java	M_src_mechanist_DefenseBuildSelectionAuthority_java	UI_RENDER	UI Render Surfaces	positioned	1	4	65	3272	819bf43807878104b26ddb3999559457c080b48cb13330dd57cd20707b157798
src/mechanist/DefenseSemanticIntegration.java	M_src_mechanist_DefenseSemanticIntegration_java	UI_RENDER	UI Render Surfaces	positioned	4	14	223	16131	3c92c3b805c936935c8c3ce86bae8aedcad98fdca6d9855d07738d429c1cbd3e
src/mechanist/DisplayDensityAuthority.java	M_src_mechanist_DisplayDensityAuthority_java	UI_RENDER	UI Render Surfaces	positioned	2	12	132	6835	c3b0b75f43809c07e1e26467ccdeb78ef79fa29f16ff8692328a23b97efd4f7a
src/mechanist/DisplayScaleOptionsSubsystem.java	M_src_mechanist_DisplayScaleOptionsSubsystem_java	UI_RENDER	UI Render Surfaces	positioned	1	9	80	4030	952e140ec8408a5cea72e75fadc8ec0738bb8f0ebf78014a88d25b9bc91fa73e
src/mechanist/DomesticHabFixtureAuthority.java	M_src_mechanist_DomesticHabFixtureAuthority_java	UI_RENDER	UI Render Surfaces	positioned	2	17	227	16578	45aac7a962867b07248d4e00d3d0d35b993058523c12a18ab8c726631fedff9b
src/mechanist/DoomRuntimeOptionsSubsystem.java	M_src_mechanist_DoomRuntimeOptionsSubsystem_java	UI_RENDER	UI Render Surfaces	positioned	1	5	55	2187	e04180f7bd50b4722b566a41d0721ab2b3dff8f3777495a3ccd4fb00c790be82
src/mechanist/DoorType.java	M_src_mechanist_DoorType_java	UI_RENDER	UI Render Surfaces	positioned	2	3	44	3330	2f6415edd5b69172923e9caaebe4ca213052b7c246706dbace6e338a8383269d
src/mechanist/EcclesiarchyTempleApi.java	M_src_mechanist_EcclesiarchyTempleApi_java	RUNTIME_OPTIONS	Runtime Options	positioned	1	5	55	2828	b65efc3b13825600197a68a7b35563043da17a0ba58b2e0b966d63ab07b20633
src/mechanist/EconomicGenerationBiasAuthority.java	M_src_mechanist_EconomicGenerationBiasAuthority_java	UI_RENDER	UI Render Surfaces	positioned	2	18	247	17074	86b55b021a80e574d97eafebf5b65d245fd13f5ebd40df9c1372645744e8bd76
src/mechanist/EconomicLocalTopologyMetadataSurfaceAuthority.java	M_src_mechanist_EconomicLocalTopologyMetadataSurfaceAuthority_java	UI_RENDER	UI Render Surfaces	positioned	3	21	323	20417	67075f0bd5aa90235735b1cb07e540b56a8b1b7f462d3aa22282896d786b3036
src/mechanist/EconomicTopologyFramework.java	M_src_mechanist_EconomicTopologyFramework_java	UI_RENDER	UI Render Surfaces	positioned	8	28	452	34137	91e803f8adda41f3733f76a050ce8cfdec25cc08393014f38610ef3c2e47ddbb
src/mechanist/EconomicTopologyMapIntelBridgeAuthority.java	M_src_mechanist_EconomicTopologyMapIntelBridgeAuthority_java	UI_RENDER	UI Render Surfaces	positioned	3	19	224	12200	66efc77c36c11132899c4811f1f2ab8454d1dd77cf738cabc4e01693069fa799
src/mechanist/EconomicTopologyPreviewConsumerAuthority.java	M_src_mechanist_EconomicTopologyPreviewConsumerAuthority_java	UI_RENDER	UI Render Surfaces	positioned	2	24	256	16434	773128aa7ada27749f738444e2e6716b156d4d8a0c7ff474e54a8592d6ff8026
src/mechanist/EconomicTopologyReportingOverlayAuthority.java	M_src_mechanist_EconomicTopologyReportingOverlayAuthority_java	UI_RENDER	UI Render Surfaces	positioned	3	19	290	17342	1322bc284f2f66130589f8a13274991f26575c6766afc6b097126adb6617a7c0
src/mechanist/EditorEventBus.java	M_src_mechanist_EditorEventBus_java	UI_INPUT	UI Input Navigation	positioned	8	1	48	2463	4e09e9c5c75154d71ff9c434ab3195630760233c209c208b4ed4ae964ded3645
src/mechanist/EditorUndoRedoController.java	M_src_mechanist_EditorUndoRedoController_java	UI_INPUT	UI Input Navigation	positioned	5	11	117	5190	83891f79d8d74b2ac8eacec49a4019d268266ebed25aeaacfc158e0623090b58
src/mechanist/EngineHotLauncher.java	M_src_mechanist_EngineHotLauncher_java	UI_RENDER	UI Render Surfaces	positioned	7	8	167	8916	288c6d859193ad48d92f2fd51621562b7b60971c7c3a5cb20baa3daf6735eb6c
src/mechanist/EntityInterpolationBuffer.java	M_src_mechanist_EntityInterpolationBuffer_java	UI_RENDER	UI Render Surfaces	positioned	6	22	131	6643	cdffb3f703091c98156a941fca853bdf9fe4d267722a71f692e62d65421fd6be
src/mechanist/EnvironmentSensesFramework.java	M_src_mechanist_EnvironmentSensesFramework_java	UI_RENDER	UI Render Surfaces	positioned	16	68	401	33167	921c48c40e7a004eb25e23f07a3e2d4a51a4505217d5e1c39317d7be392bc543
src/mechanist/EulaConsentAuthority.java	M_src_mechanist_EulaConsentAuthority_java	UI_RENDER	UI Render Surfaces	positioned	2	6	67	5529	cb9b4e0eecda00e15885852c05d744b288effe65371ce2d0dd9290af90ddb90c
src/mechanist/Faction.java	M_src_mechanist_Faction_java	RUNTIME_OPTIONS	Runtime Options	positioned	2	2	64	2653	0c709391b097778952543912ed5a8a65c2334ed8964d943c37aad0952d99b3ca
src/mechanist/FactionContractDisplaySmoke.java	M_src_mechanist_FactionContractDisplaySmoke_java	UI_RENDER	UI Render Surfaces	positioned	1	1	34	1700	99aebef4634a299ecf4565f6ba1f1f5bdb5540beb3be2ee07e4dc4e538fb96c7
src/mechanist/FactionServicesFramework.java	M_src_mechanist_FactionServicesFramework_java	UI_RENDER	UI Render Surfaces	positioned	13	105	939	68684	4af8d0ff87eeb13e13829659d5bf14c121fee5c78eb225423f55b9d1b9aa4d01
src/mechanist/FallbackProfileManagementAuthority.java	M_src_mechanist_FallbackProfileManagementAuthority_java	UI_RENDER	UI Render Surfaces	positioned	4	46	640	38239	c61598ad7e4e4408ef2433c8a725af8f7d09de5436b40fed30c01d84f3be3d1b
src/mechanist/FirstPerson3DFramework.java	M_src_mechanist_FirstPerson3DFramework_java	UI_RENDER	UI Render Surfaces	positioned	21	85	1042	53871	a5de4ffce3f99c6d659a3d6088fa0547f9dd9378f5d33f69d78e259abf034aa2
src/mechanist/FixtureInteractionRegistry.java	M_src_mechanist_FixtureInteractionRegistry_java	UI_RENDER	UI Render Surfaces	positioned	4	7	188	26887	7c35bc69385add29822500246bc8159fada2b0b0b9c0a0b21a1b6a762b89a63f
src/mechanist/FoodBioProductionFixtureAuthority.java	M_src_mechanist_FoodBioProductionFixtureAuthority_java	UI_RENDER	UI Render Surfaces	positioned	2	17	193	11878	ce9c5dbffb51b84782de1647f7a938ad6591d0fbeeffb078a8d5901e93805a87
src/mechanist/FramePacingAndStressFramework.java	M_src_mechanist_FramePacingAndStressFramework_java	UI_RENDER	UI Render Surfaces	positioned	6	29	334	14366	b6f8e3f24d88e105c0e1e1ca2a3f853f0fc5fbe7453af08e42a829e6d542c901
src/mechanist/FrontageFixtureInteractionAuthority.java	M_src_mechanist_FrontageFixtureInteractionAuthority_java	UI_RENDER	UI Render Surfaces	positioned	1	13	179	10005	4ce97e1d42bbd4bb7c1c2f31157e41bee755a4a97df5b741a82567542804b3e6
src/mechanist/GameOptionsFramework.java	M_src_mechanist_GameOptionsFramework_java	UI_RENDER	UI Render Surfaces	positioned	5	73	712	47671	e304048b63829a1973c34a8de1d54d3c67b7cf42fc08be686ddb3135f468e9ca
src/mechanist/GamePanelKeyController.java	M_src_mechanist_GamePanelKeyController_java	UI_RENDER	UI Render Surfaces	positioned	1	20	310	17129	b7f9b48f4676744e78f8f7950d582e423b45405e5a791183bcf2f441fd87f947
src/mechanist/GameStorageManager.java	M_src_mechanist_GameStorageManager_java	RUNTIME_OPTIONS	Runtime Options	positioned	4	34	320	14928	3e1a0d146356fd7a925a910cdd8f566ad2aed2ef017262fdeffd4a3985000743
src/mechanist/GameTest.java	M_src_mechanist_GameTest_java	UI_RENDER	UI Render Surfaces	positioned	1	2	11	361	e805b5ca33ca2539346a436637b1d4ae14ae093181351f607beea0fd8cae0645
src/mechanist/GamepadControllerSnapshot.java	M_src_mechanist_GamepadControllerSnapshot_java	UI_INPUT	UI Input Navigation	positioned	1	1	47	2154	32abeec47c449616a77ac472f2ebf301cc4bae63a056e20d0c4145ead217c7cf
src/mechanist/GamepadInputEngine.java	M_src_mechanist_GamepadInputEngine_java	UI_INPUT	UI Input Navigation	positioned	2	13	133	6149	818c10972caf1924f8fce5a729a544fbc07c826207b266f47c43170a61849e3a
src/mechanist/GameplayConsoleCommandAuthority.java	M_src_mechanist_GameplayConsoleCommandAuthority_java	UI_RENDER	UI Render Surfaces	positioned	2	36	206	23824	b2c2548d78e0f5d3fe6b479f14b66cfc9d0007f7fe500d59e572e038b1c6c4ce
src/mechanist/GameplayQualityOfLifeAuthority.java	M_src_mechanist_GameplayQualityOfLifeAuthority_java	UI_RENDER	UI Render Surfaces	positioned	1	19	151	8925	53813a2f8599236f8fa127ec2a193f0d06a34f27c9a8f007f0bab6246f80645f
src/mechanist/Gate3PlayerFacingTextSmokeSuite.java	M_src_mechanist_Gate3PlayerFacingTextSmokeSuite_java	UI_RENDER	UI Render Surfaces	positioned	1	2	23	950	f4ef32ed6489654b23fd2fcaa81b141efdd2320ebe459c5dbaeeb01e0851df05
src/mechanist/Gate3PresentationAuditSmoke.java	M_src_mechanist_Gate3PresentationAuditSmoke_java	UI_RENDER	UI Render Surfaces	positioned	1	2	35	1662	6f233cedebd01883d3505abe5de01312de46b1593f8ef9dde61f971e8c7b1e3c
src/mechanist/GeneratedArtPayloadOptionsSubsystem.java	M_src_mechanist_GeneratedArtPayloadOptionsSubsystem_java	UI_RENDER	UI Render Surfaces	positioned	1	4	57	2921	7f4fe9a023874e67367ae477edfb26ddddd1ecdc9665841bf1f8658324d0ca97
src/mechanist/GenericControllerSchema.java	M_src_mechanist_GenericControllerSchema_java	UI_INPUT	UI Input Navigation	positioned	1	2	45	2674	19749680ef72aacaec58db47cf4fbf72eac644f9f283c9821d1116e323db39af
src/mechanist/GlyphBinder.java	M_src_mechanist_GlyphBinder_java	UI_RENDER	UI Render Surfaces	positioned	2	7	70	2480	326701a9b327c37861df4a6d72094b449332d2466f82ba1e6c999423d5878390
src/mechanist/GuardPdfDefenseFixtureAuthority.java	M_src_mechanist_GuardPdfDefenseFixtureAuthority_java	UI_RENDER	UI Render Surfaces	positioned	2	18	211	14826	e3e20927dbe1f8832e2dca88400ff09d54edba4d1fdcd5a7ab03d596b06ffb34
src/mechanist/HandshakeHotRestartCoordinator.java	M_src_mechanist_HandshakeHotRestartCoordinator_java	UI_RENDER	UI Render Surfaces	positioned	2	11	109	7789	cefe58d0324c8283d6ebddd58d51be6599dd8154b28468f88f96965c3b4bab4d
src/mechanist/HandshakeNetworkFrame.java	M_src_mechanist_HandshakeNetworkFrame_java	UI_RENDER	UI Render Surfaces	positioned	11	20	128	8919	f1ac5ed39d03fc83fe312150e3f3635a268f33454f39aa67aef592782581516a
src/mechanist/HostBindingResult.java	M_src_mechanist_HostBindingResult_java	WORLD_GEN	World Generation Transition	positioned	1	3	29	1725	bea1cd877eee4a6667605844b13a7c5ee5cb18e1f8e51130789b1df8e1e6ce87
src/mechanist/HybridEncryptionManager.java	M_src_mechanist_HybridEncryptionManager_java	UI_INPUT	UI Input Navigation	positioned	3	16	322	17279	7b3669d5ab670157dd764385fcc45632d29795581bc9d3abcc8e46667db34c05
src/mechanist/IndustrialForgeFixtureAuthority.java	M_src_mechanist_IndustrialForgeFixtureAuthority_java	UI_INPUT	UI Input Navigation	positioned	2	17	171	9602	4e949cac2760d83213d799a79bb01dc9849df7cb18938f90ccc9c328db9f3ee7
src/mechanist/InfrastructurePromotionRegistry.java	M_src_mechanist_InfrastructurePromotionRegistry_java	UI_RENDER	UI Render Surfaces	positioned	4	11	1001	61142	f96c1ea49e091ab4804318a071f084524561cd92d5bf47a7b6d85790c9e8683e
src/mechanist/InputAction.java	M_src_mechanist_InputAction_java	UI_INPUT	UI Input Navigation	positioned	1	0	25	310	d93c2be32bfcd8ca247ab8b5b5f43b0cebe6fdca422b38ea3b0fb936b1066926
src/mechanist/InputRegistry.java	M_src_mechanist_InputRegistry_java	UI_INPUT	UI Input Navigation	positioned	1	10	78	3343	8b9242ab053d37c72bf661066b5311432c014111be1add585edad415ec17cabf
src/mechanist/InputSource.java	M_src_mechanist_InputSource_java	UI_INPUT	UI Input Navigation	positioned	1	0	6	67	3a45ff44b4f90245b1c7bca866cb342167d5ec35dd87e9fcbd1443b61fe5ee36
src/mechanist/InspectableFeatureTable.java	M_src_mechanist_InspectableFeatureTable_java	UI_RENDER	UI Render Surfaces	positioned	2	3	48	6556	f4158744f7c30a3ade4eb2c62138d154cf2c71573f00e989047883d62c0989a7
src/mechanist/IntegratedLocalMultiplayerHost.java	M_src_mechanist_IntegratedLocalMultiplayerHost_java	RUNTIME_OPTIONS	Runtime Options	positioned	2	6	72	4246	a9da61ef6491a5197a66a79ac6a8466f9c87663b5e4d78fd27305a7b0b08f950
src/mechanist/InternalServerSessionAuthority.java	M_src_mechanist_InternalServerSessionAuthority_java	UI_INPUT	UI Input Navigation	positioned	2	12	63	2546	6268900bfa5d684ebd28b305277c381f0d4b935f6a39b0b9ec80d8118449b013
src/mechanist/IntroCrawlSurfacePainter.java	M_src_mechanist_IntroCrawlSurfacePainter_java	UI_RENDER	UI Render Surfaces	positioned	1	7	159	7313	a715807dbabf1fd1dfddddca6303f0e293381cb0c9c97cb97d411ffdc81284a5
src/mechanist/IntrusionDetectionEngine.java	M_src_mechanist_IntrusionDetectionEngine_java	UI_RENDER	UI Render Surfaces	positioned	10	22	275	14957	bca83e93519264c02dfb9bb140ff833e57105470f901c1d7f865f33c326ff40c
src/mechanist/InventoryPanelKeyController.java	M_src_mechanist_InventoryPanelKeyController_java	UI_RENDER	UI Render Surfaces	positioned	1	2	45	1780	33ee68025ceec3828e1080acc764345d948df9a46f518ac674352992e6401138
src/mechanist/InventoryTransactionGuard.java	M_src_mechanist_InventoryTransactionGuard_java	UI_INPUT	UI Input Navigation	positioned	8	21	190	10989	37f71f1301e91e8adb98458a9901c8685c22d1c8629e9d0149edd78c3f3cfb22
src/mechanist/ItemEconomyFramework.java	M_src_mechanist_ItemEconomyFramework_java	UI_RENDER	UI Render Surfaces	positioned	15	71	1327	224524	14124c5b75ce187f5bbda5229c16dbb1c0ecb7726b148b88c3232da9e10d607d
src/mechanist/ItemSemanticAssetAuthority.java	M_src_mechanist_ItemSemanticAssetAuthority_java	UI_INPUT	UI Input Navigation	positioned	1	7	146	7040	f38db940fdfee215be787213ef757ca0251ab2b4525703f77092d643fc4745f7
src/mechanist/JvmRuntimeOptionsSubsystem.java	M_src_mechanist_JvmRuntimeOptionsSubsystem_java	UI_RENDER	UI Render Surfaces	positioned	1	11	88	4268	6a1e545494baff37cf64462a19e4ce6c4ebea63128c898bd9e997a48b7389c61
src/mechanist/JvmRuntimeProfileAuthority.java	M_src_mechanist_JvmRuntimeProfileAuthority_java	UI_RENDER	UI Render Surfaces	positioned	6	26	321	15869	ac0ef9d8ef834499afd0fbbe963a10bec69462b7370771df695710cb8b39e3fe
src/mechanist/KeyEarlyScreenController.java	M_src_mechanist_KeyEarlyScreenController_java	UI_RENDER	UI Render Surfaces	positioned	1	3	100	3751	84212ad800c6fc4c2f6cddd19a3494b710b0524062a951ad6ce21ef1b936299a
src/mechanist/KeyboardInputBridge.java	M_src_mechanist_KeyboardInputBridge_java	UI_INPUT	UI Input Navigation	positioned	1	5	70	3439	d40bbca6b574453f24e903e44a5af314ccb17fb2b789cbd7673a428bbba9bdec
src/mechanist/KnowledgeBranchDefinitions.java	M_src_mechanist_KnowledgeBranchDefinitions_java	WORLD_GEN	World Generation Transition	positioned	8	29	338	26944	cd024554aef4af2dc6a744073971f6633506985226dde09a52d8bfb1d7387fc1
src/mechanist/KnowledgeMenu.java	M_src_mechanist_KnowledgeMenu_java	UI_RENDER	UI Render Surfaces	positioned	2	15	260	11427	7f858ceb42a41ab89a4e867c23b5a47395b889c943978c57d642136dfa3f3e8a
src/mechanist/KnowledgeNode.java	M_src_mechanist_KnowledgeNode_java	UI_RENDER	UI Render Surfaces	positioned	2	12	72	2851	82c1bff27452356db9abc870388f19ec1f8ab2cce2d7ed3b96e003a8a32fdfb8
src/mechanist/KnowledgeQualityFramework.java	M_src_mechanist_KnowledgeQualityFramework_java	UI_RENDER	UI Render Surfaces	positioned	7	26	413	49422	6986f378560cc2778c94d8881e2c8873985f53c4633267c2786aef84f6efc060
src/mechanist/KnowledgeTree.java	M_src_mechanist_KnowledgeTree_java	UI_RENDER	UI Render Surfaces	positioned	3	20	127	5477	a98c5b40db36c1f024baf051ca1d438e3111d565dd3e71f1991708317fa61c2b
src/mechanist/LabChemicalFixtureAuthority.java	M_src_mechanist_LabChemicalFixtureAuthority_java	UI_RENDER	UI Render Surfaces	positioned	2	17	184	11023	08ea66bbe2541334068eff0635cbaddbb9fb4eb38f59b213392beeeeccfdb4fb
src/mechanist/LauncherClientServerRuntimeAuthority.java	M_src_mechanist_LauncherClientServerRuntimeAuthority_java	UI_RENDER	UI Render Surfaces	positioned	1	10	82	4826	b6087d0110826632fcc95873ee649a254887cb53f13edc4fcbd055cc74bf9629
src/mechanist/LauncherShellStateAuthority.java	M_src_mechanist_LauncherShellStateAuthority_java	UI_RENDER	UI Render Surfaces	positioned	3	12	144	7605	dd74fd26ce7d4e1b0dbfff6e842057eccfe7d41a894a83d5b80f13335291f651
src/mechanist/LayerB.java	M_src_mechanist_LayerB_java	UI_RENDER	UI Render Surfaces	positioned	1	4	24	794	56c29ac663821697fa0d4395d122d93de0ccb44c7943d44e958cfa05dce76b11
src/mechanist/LayerC.java	M_src_mechanist_LayerC_java	UI_RENDER	UI Render Surfaces	positioned	1	6	39	1415	b8004700b3286f83b55a22cad9c342f6551797e6906234692b61fc8acef550b7
src/mechanist/LayerD.java	M_src_mechanist_LayerD_java	UI_RENDER	UI Render Surfaces	positioned	1	17	147	7451	3ab1f7d5cff19c58efef9af5bdcd7ed63339126ad182b15cefb9ffb38332ef3f
src/mechanist/LayerE.java	M_src_mechanist_LayerE_java	UI_RENDER	UI Render Surfaces	positioned	1	5	27	886	ea1f7b949707af95a011b8aa8fe863b4a932aa6a7d2d128676901140cfd72e5b
src/mechanist/LayerF.java	M_src_mechanist_LayerF_java	UI_RENDER	UI Render Surfaces	positioned	1	11	69	3101	c5b81343f5cfdec35b4b8ced027d3bfd90385498b9b3177e1f12e76e93a239d2
src/mechanist/LayerG.java	M_src_mechanist_LayerG_java	UI_RENDER	UI Render Surfaces	positioned	1	10	52	1835	3ea1aca8a85bb392c1e275451aba51bf1c537e6374f079778d235e1c3eef5f91
src/mechanist/LayerH.java	M_src_mechanist_LayerH_java	UI_RENDER	UI Render Surfaces	positioned	1	8	46	1780	f3e5f0d59f31889b71123029e85e86ba8c21c8c7c40d11abbb1ced9d7441bd76
src/mechanist/LayerI.java	M_src_mechanist_LayerI_java	UI_RENDER	UI Render Surfaces	positioned	1	12	60	2054	9de7227caaca658cd701961c7267b611efe0af4e36b3413913442f27371befc5
src/mechanist/LayerJ.java	M_src_mechanist_LayerJ_java	UI_RENDER	UI Render Surfaces	positioned	1	10	41	1256	65cc4f6144a76990d007992891b26335569f606492060aa6c758202473dbd494
src/mechanist/LoadingSurfacePainter.java	M_src_mechanist_LoadingSurfacePainter_java	UI_RENDER	UI Render Surfaces	positioned	1	2	33	1312	cadaab2d68b9caf611d31da506e7cc7ef6a44f062874a817f05d00ba6d46b644
src/mechanist/LocalHostAuthGate.java	M_src_mechanist_LocalHostAuthGate_java	UI_RENDER	UI Render Surfaces	positioned	5	12	81	4197	034eb16a7e585ef26ba22c164421b58ccf7f3271096e3775dcbc1301705abd81
src/mechanist/LocalHostPanels.java	M_src_mechanist_LocalHostPanels_java	UI_RENDER	UI Render Surfaces	positioned	3	10	134	7000	0e84dd8b0f693a7b4627f7ab9e9bd9f658a15a633a6350811d346535e1614a70
src/mechanist/LocalWorldSaveStateSeparator.java	M_src_mechanist_LocalWorldSaveStateSeparator_java	UI_INPUT	UI Input Navigation	positioned	3	11	96	6283	5189bcb6f9a5f72e22df08760a7740ea04c08b55a5c253462b59863f3aa14361
src/mechanist/LoginProtectionTracker.java	M_src_mechanist_LoginProtectionTracker_java	UI_INPUT	UI Input Navigation	positioned	3	9	78	3501	91d13048dfcb70ba5cea085fa9e0a6891d846bdae11713f4ac5d72d8e18f67e5
src/mechanist/LogisticsContractLifecycleAuthority.java	M_src_mechanist_LogisticsContractLifecycleAuthority_java	UI_RENDER	UI Render Surfaces	positioned	3	19	236	13699	023db10ac3bf799a6d6fccbfcc1f19f13c0cd48048db251167cc13828735ddaa
src/mechanist/LogisticsDeliveryIntentAuthority.java	M_src_mechanist_LogisticsDeliveryIntentAuthority_java	UI_RENDER	UI Render Surfaces	positioned	2	14	172	9140	ef584297e7992d9e34326e025ae5279fe35f30974b67aab324eb6de0c94d1236
src/mechanist/LogisticsHaulFulfillmentPreflightAuthority.java	M_src_mechanist_LogisticsHaulFulfillmentPreflightAuthority_java	UI_RENDER	UI Render Surfaces	positioned	4	21	265	16426	b4515c140e9e5944f1a2ccc64c55f5a8b17cce60f4fdeb748b5c165a2a96ab03
src/mechanist/LogisticsManualHaulContractAuthority.java	M_src_mechanist_LogisticsManualHaulContractAuthority_java	UI_RENDER	UI Render Surfaces	positioned	3	16	220	13268	634d58bde9ca5d9d2d48400b73a4db2eafc01ed0b01cef0d939fa191a0b226ba
src/mechanist/LogisticsManualHaulExecutionAuthority.java	M_src_mechanist_LogisticsManualHaulExecutionAuthority_java	UI_RENDER	UI Render Surfaces	positioned	6	24	349	22425	286052a6e5265f6dd741de070ea55f2cda242fc615d9862515c7d9b9618dd5ba
src/mechanist/LogisticsReservationForecastAuthority.java	M_src_mechanist_LogisticsReservationForecastAuthority_java	UI_RENDER	UI Render Surfaces	positioned	3	12	169	8825	8f5e4e32edeb1a9b02fb4b0072df17b12842a46d578e1fb9225f6458276b0ced
src/mechanist/LogisticsRouteIntentAuthority.java	M_src_mechanist_LogisticsRouteIntentAuthority_java	UI_RENDER	UI Render Surfaces	positioned	6	16	207	11688	17cc6121322f64ac62c545dc7065abe1bb4a7f671b73b3024fa4d465aaba9dc8
src/mechanist/LogisticsRouteReadinessPreviewAuthority.java	M_src_mechanist_LogisticsRouteReadinessPreviewAuthority_java	UI_RENDER	UI Render Surfaces	positioned	3	17	195	11814	e68751dc962b5e665c6b21716df8761974e19fd5e463f869b1b90ee1b752ae20
src/mechanist/LogisticsSourceReservationAuthority.java	M_src_mechanist_LogisticsSourceReservationAuthority_java	UI_RENDER	UI Render Surfaces	positioned	3	15	166	9218	704c22fcb844c5adea6cb59c2a300b7503cff628da69ccf97e1745e07a73ff7d
src/mechanist/LogisticsStorageCandidateAuthority.java	M_src_mechanist_LogisticsStorageCandidateAuthority_java	UI_RENDER	UI Render Surfaces	positioned	3	14	147	7560	4b8a0f319e762274e274c080918cb0cbf83e6e862d8926127bc7226bf11c59ed
src/mechanist/LootDropSystemAuthority.java	M_src_mechanist_LootDropSystemAuthority_java	UI_RENDER	UI Render Surfaces	positioned	10	36	344	20139	2d8cfb1d75287dd3743dbb3e6fa9d1e9ab924efbadc0c96103a09430b24b0763
src/mechanist/MachineOperationQueue.java	M_src_mechanist_MachineOperationQueue_java	UI_RENDER	UI Render Surfaces	positioned	4	32	339	13602	8a951197143b7a7cec407b14318b1b315f190b7fb4c7775aab2486341bf4c483
src/mechanist/MachineOperationStatusBridge.java	M_src_mechanist_MachineOperationStatusBridge_java	UI_RENDER	UI Render Surfaces	positioned	1	6	127	6194	664e7a92f31109a33e2b19f1683d73ff83baba5b09d83bbc995ec52e34f39da7
src/mechanist/MainMenuSurfacePainter.java	M_src_mechanist_MainMenuSurfacePainter_java	UI_RENDER	UI Render Surfaces	positioned	1	1	76	3576	b9abf29594836ae52c6c921c3f60c59d0d8b303891d2eccb1fbdbcf949450804
src/mechanist/ManualStaffingAssignmentAuthority.java	M_src_mechanist_ManualStaffingAssignmentAuthority_java	UI_RENDER	UI Render Surfaces	positioned	1	7	92	5823	4cfe91b81cac638b8ec2cfa7267c8994be6b573d2f764b0c1dea0d8de89a3327
src/mechanist/MapLayerSurfaceAuthority.java	M_src_mechanist_MapLayerSurfaceAuthority_java	UI_RENDER	UI Render Surfaces	positioned	1	32	291	9779	467882df3f70fb608bad0f926f34a5ae65c190c78c4de4afb501bad0cf744edd
src/mechanist/MapViewportOptionsSubsystem.java	M_src_mechanist_MapViewportOptionsSubsystem_java	UI_RENDER	UI Render Surfaces	positioned	1	4	40	2250	e03ee37c8a7b71fd342f549cf76e54c548c9c6a41baa4b7cf9c61bd99ba3ac43
src/mechanist/MapViewportTransformAuthority.java	M_src_mechanist_MapViewportTransformAuthority_java	UI_RENDER	UI Render Surfaces	positioned	2	3	97	3984	9bd160d9a890cae3a0633c849e712462abe396c33798b873b37fc585c2ca9d05
src/mechanist/MasterlistAuthenticationClient.java	M_src_mechanist_MasterlistAuthenticationClient_java	UI_INPUT	UI Input Navigation	positioned	3	9	93	4525	ecbc4289d4e2195328d84550026fde28362b383f135dfdb1df22cfbfab2cf66a
src/mechanist/MechanistServerMain.java	M_src_mechanist_MechanistServerMain_java	UI_RENDER	UI Render Surfaces	positioned	2	17	207	11788	27b48cf5c26fa73c544a27cf583e9b5ccb364da7817a0be87378d4b35f4b9798
src/mechanist/MediaLayerAlpha.java	M_src_mechanist_MediaLayerAlpha_java	UNPOSITIONED	Unpositioned / Needs Map Assignment	unpositioned_error	1	2	9	128	a0f2af76923339a678b1af97fe2988d8e506b8e3f31c6554088cffaef723b805
src/mechanist/MediaRuntimeFramework.java	M_src_mechanist_MediaRuntimeFramework_java	UI_RENDER	UI Render Surfaces	positioned	3	41	553	34318	4818bb975b21b507837384f8ee5b918bae1361abf7313c6b286c04f38d4cf408
src/mechanist/MedicaeFixtureAuthority.java	M_src_mechanist_MedicaeFixtureAuthority_java	UI_RENDER	UI Render Surfaces	positioned	2	21	176	9717	3ad07fb4622608e5efc724e39e25881434ec5e29951db20f71c4748be8174d07
src/mechanist/ModContentPayload.java	M_src_mechanist_ModContentPayload_java	WORLD_GEN	World Generation Transition	positioned	7	2	79	4136	8688b5519735dbb6be6bc9004dcbdcc867164b67d33d9ff862b1932c37a5b5e9
src/mechanist/ModDataMappingVerifier.java	M_src_mechanist_ModDataMappingVerifier_java	UI_RENDER	UI Render Surfaces	positioned	1	9	86	5554	6b9d9a197ef1768f12e83a2ae5a49365938e604c93432b5037205243343ff724
src/mechanist/ModDeploymentManager.java	M_src_mechanist_ModDeploymentManager_java	UI_INPUT	UI Input Navigation	positioned	14	42	551	31136	9ade831b23577e3309900aeaca39706476b23ef2ce493dd15f3f417dee444348
src/mechanist/ModPackageValidator.java	M_src_mechanist_ModPackageValidator_java	UI_INPUT	UI Input Navigation	positioned	9	13	254	12104	5d5bc9927ade0ad3b233bbc65b5b20f061bdda54c23ca986ebc83de0fc4ecb91
src/mechanist/MouseEarlyScreenController.java	M_src_mechanist_MouseEarlyScreenController_java	UI_RENDER	UI Render Surfaces	positioned	1	4	73	2945	322eeabf54a106d45189758734d267c0f28c9b07547df19f87c1000090713e5e
src/mechanist/MouseGamePanelController.java	M_src_mechanist_MouseGamePanelController_java	UI_RENDER	UI Render Surfaces	positioned	1	3	56	2617	8bc9ad5b4d2e0939a80b386c6d6b54409f435738d36abb614820e06574e6b104
src/mechanist/MouseLateUiController.java	M_src_mechanist_MouseLateUiController_java	UI_RENDER	UI Render Surfaces	positioned	1	3	55	2357	9a817418700558b313fcb43bb26daae5707e65b4027c1bd24de312fdd0427e64
src/mechanist/MultiplayerConversionWarningDialog.java	M_src_mechanist_MultiplayerConversionWarningDialog_java	UI_RENDER	UI Render Surfaces	positioned	1	2	38	1926	1bbd2b8313d0f38fd1f93b066833cc8e689280432c15a2602d10b9b268e71959
src/mechanist/MultiplayerHostBindingService.java	M_src_mechanist_MultiplayerHostBindingService_java	RUNTIME_OPTIONS	Runtime Options	positioned	1	4	51	3574	ee25aad69f388b9a33b51cfba1aa73caf848cb63ac7f44990b6a40510d5a4abb
src/mechanist/MultiplayerMenuController.java	M_src_mechanist_MultiplayerMenuController_java	UI_RENDER	UI Render Surfaces	positioned	3	33	247	12974	bdd2b6294135ef9480e61830d6be4e2efa38d59127c46efe702aa13ed355e33e
src/mechanist/MultiplayerProtocolState.java	M_src_mechanist_MultiplayerProtocolState_java	FIXTURE_MACHINE	Fixtures Machines	positioned	1	4	17	671	54b8498984c23081435df3d93f065488b8584b6b3b03b6053ece32f8d0b79100
src/mechanist/MultiplayerRespawnManager.java	M_src_mechanist_MultiplayerRespawnManager_java	UI_INPUT	UI Input Navigation	positioned	4	7	49	2730	eca60b674c9fd63766bce11059f2775eea1ef3a108ddda09eefbaa80d744b594
src/mechanist/MultiplayerSurfacePainter.java	M_src_mechanist_MultiplayerSurfacePainter_java	UI_RENDER	UI Render Surfaces	positioned	1	1	113	6265	045b47fc93c6a9851e0fa0fe35d0afa9e09bf11e9559e25ae2edb5c24400d9ab
src/mechanist/NameLockedProfilePortraitAuthority.java	M_src_mechanist_NameLockedProfilePortraitAuthority_java	UI_RENDER	UI Render Surfaces	positioned	2	20	192	11983	5e548800d4b88dfffd1df61d7a41674e4edbd998afc1522d7398b217f4ea9278
src/mechanist/NatTraversalManager.java	M_src_mechanist_NatTraversalManager_java	RUNTIME_OPTIONS	Runtime Options	positioned	5	15	208	12546	eaa73727960f75caead2ffdc65ed888a610cfe3afe8ea60a8c5fd3ed8b260e6a
src/mechanist/NativeTcpRelayServer.java	M_src_mechanist_NativeTcpRelayServer_java	UI_RENDER	UI Render Surfaces	positioned	2	14	253	12572	3c6a8c22d3f73953e662da78bbd3e9b7b61e8bd79843456f3bd22e8c9b2f33d7
src/mechanist/NettyResourceSafetyBridge.java	M_src_mechanist_NettyResourceSafetyBridge_java	RUNTIME_OPTIONS	Runtime Options	positioned	2	5	59	2708	cdc2a52305a8f9d1a4772b56763a9e76b02fa6a7720564008503fcd513b9ae74
src/mechanist/NetworkPacketPolicer.java	M_src_mechanist_NetworkPacketPolicer_java	COMBAT_SIM	Combat Entity Simulation	positioned	2	7	37	1522	c105c99520011be98f729b0e4f988f5fe1d3ed41876199cb9a0f33c910f9ccb2
src/mechanist/NetworkPortAuthority.java	M_src_mechanist_NetworkPortAuthority_java	UI_RENDER	UI Render Surfaces	positioned	2	12	119	5602	c04e77b37ea0b65f8628807e63e52ee6cda656b54a23c5b7768e16d021f84f29
src/mechanist/NetworkThrottlingManager.java	M_src_mechanist_NetworkThrottlingManager_java	UI_INPUT	UI Input Navigation	positioned	3	22	166	7248	ff2233eec8a3558a0600517d0117b4ca5801879ea68485e4617c55750daafe31
src/mechanist/NobleEstateSecurityFixtureAuthority.java	M_src_mechanist_NobleEstateSecurityFixtureAuthority_java	UI_RENDER	UI Render Surfaces	positioned	2	16	179	11965	f6e624a9b6eee037fbc0736caddf4b87591c94f1d467af5a264c0a15989d07d9
src/mechanist/NobleEstateSecurityTier.java	M_src_mechanist_NobleEstateSecurityTier_java	RUNTIME_OPTIONS	Runtime Options	positioned	1	0	20	404	67aad934015f8e20b4715c55c3e1d2e602fe78cf87f77e79420f718d0a7d9c15
src/mechanist/NobleEstateStamp.java	M_src_mechanist_NobleEstateStamp_java	UI_INPUT	UI Input Navigation	positioned	1	1	32	892	ee8e7d0f054170108d27a87914da9556ab86c6c486a767c8b8808746faba6641
src/mechanist/NobleEstateStampGenerator.java	M_src_mechanist_NobleEstateStampGenerator_java	UI_INPUT	UI Input Navigation	positioned	1	1	56	1880	1cdf6d6a0553a82d04bb33eca669bb3bbc8e115daf6fd100ce82096d3243181a
src/mechanist/NpcTurnBudgetScheduler.java	M_src_mechanist_NpcTurnBudgetScheduler_java	UI_RENDER	UI Render Surfaces	positioned	3	5	123	5313	8e18cd31e199d6eda152f5fb42a282f03c81169fffaa83e9393a135248dbca98
src/mechanist/ObfuscatedStringTable.java	M_src_mechanist_ObfuscatedStringTable_java	UI_INPUT	UI Input Navigation	positioned	2	3	50	5242	d6f765730b974c9e93e83c9c886df0f959123484df34e84d307569138ba6c8bc
src/mechanist/ObjectSemanticAssetAuthority.java	M_src_mechanist_ObjectSemanticAssetAuthority_java	UI_RENDER	UI Render Surfaces	positioned	2	18	258	11492	06434593a3e0eec04d36d2b71b7725133bb219423e30a68a116ad47389ee7d20
src/mechanist/OperationTargetRegistry.java	M_src_mechanist_OperationTargetRegistry_java	UI_INPUT	UI Input Navigation	positioned	4	2	127	8076	690ecbc4fedc1ac24865e5bbd6496b28181e8fc70adb1214aa586ba7cc251952
src/mechanist/OptionsDropdownMouseController.java	M_src_mechanist_OptionsDropdownMouseController_java	UI_RENDER	UI Render Surfaces	positioned	1	2	23	910	cff44282b6420a81792c226e4ee4965bb25a2af0893eb14495621febb93013b0
src/mechanist/OptionsScreenPainter.java	M_src_mechanist_OptionsScreenPainter_java	UI_RENDER	UI Render Surfaces	positioned	4	20	232	14258	24b05cc0bba8a2f70df150319a7e1f5c8f49afebc7ab0775a80d65622a97af70
src/mechanist/PacketRateLimiter.java	M_src_mechanist_PacketRateLimiter_java	COMBAT_SIM	Combat Entity Simulation	positioned	1	6	50	1610	65830c69351a707d113163f3b03347144bc06876b6bbb0f58103e5e392d6cddc
src/mechanist/PacketSequenceValidator.java	M_src_mechanist_PacketSequenceValidator_java	UI_RENDER	UI Render Surfaces	positioned	4	8	90	4733	45984de5824082c17dd7b2c7923ac1b56b72e361601bf1ab9c9222639b328707
src/mechanist/PanelTargetingController.java	M_src_mechanist_PanelTargetingController_java	UI_RENDER	UI Render Surfaces	positioned	1	2	30	1262	47b25cfc0cc9c7b34cc18b74e6901b5fb134cc9a98d62e05c669c4d8d78b5e63
src/mechanist/PassiveDefenseEffectsAuthority.java	M_src_mechanist_PassiveDefenseEffectsAuthority_java	UI_RENDER	UI Render Surfaces	positioned	2	11	137	7576	9b3563f4d739e30d1a0578a7fd3c669e30ddce6262deba1d5b46bc0b71638122
src/mechanist/PerformanceDiagnosticsOverlayAuthority.java	M_src_mechanist_PerformanceDiagnosticsOverlayAuthority_java	UI_RENDER	UI Render Surfaces	positioned	1	10	125	5551	7dbccdfd1ad0f9fd0045cf4b4f713441bb8d95feaebbe6f817405a0e5adba125
src/mechanist/PerlinNoiseAuthority.java	M_src_mechanist_PerlinNoiseAuthority_java	RUNTIME_OPTIONS	Runtime Options	positioned	1	9	79	3011	53777ac30e984db8f1db9b7ab68d8b12d2ca92b32727be0a001fb00769f6216a
src/mechanist/PersistenceFramework.java	M_src_mechanist_PersistenceFramework_java	UI_RENDER	UI Render Surfaces	positioned	2	19	358	39645	a45d6465f1360c867676b1b074c2e1b3dd6d95493399fc71d4500aeab54b9f99
src/mechanist/PlayerActionRegistry.java	M_src_mechanist_PlayerActionRegistry_java	UI_RENDER	UI Render Surfaces	positioned	3	24	134	7030	d0e15514e1d8876cb966aaf1903f00334c4b8d71846dbf6104ab504d6c7c0737
src/mechanist/PlayerBehaviorMonitor.java	M_src_mechanist_PlayerBehaviorMonitor_java	UI_INPUT	UI Input Navigation	positioned	6	13	149	7494	8a6eae4e5e720736781e34bedf78b8b14b6e4fe242be560fd1342da1671f1995
src/mechanist/PlayerFacingActionText.java	M_src_mechanist_PlayerFacingActionText_java	UI_RENDER	UI Render Surfaces	positioned	1	10	79	3053	23e7f29c897bd848b24cb8f88552ce3200596f73190b2f40f9aa39b06a9c7b98
src/mechanist/PlayerFacingActionTextSmoke.java	M_src_mechanist_PlayerFacingActionTextSmoke_java	UI_INPUT	UI Input Navigation	positioned	1	1	32	1285	b3ddb8954afe35268dc0f25119f62f6d44b31ec53bb8965c8731206fe26bd472
src/mechanist/PlayerFacingCopySanitizer.java	M_src_mechanist_PlayerFacingCopySanitizer_java	UI_RENDER	UI Render Surfaces	positioned	3	3	64	4094	1d3e2e45bf2af1534df4c055e5fc2f2f8fa18edcdd489875622e4a4447f6e497
src/mechanist/PlayerFacingCopySanitizerSmoke.java	M_src_mechanist_PlayerFacingCopySanitizerSmoke_java	UI_INPUT	UI Input Navigation	positioned	1	1	30	1551	e95c86aa6e7d9e6fa2139ef0cbefe42db20fe816be2e5f357f1cb51ebcc29156
src/mechanist/PlayerFacingDenialText.java	M_src_mechanist_PlayerFacingDenialText_java	UI_RENDER	UI Render Surfaces	positioned	5	12	90	4014	0cb49b092926096f23ea751c75d62ec84be065b7aceb850accd03bd646d90198
src/mechanist/PlayerFacingDenialTextSmoke.java	M_src_mechanist_PlayerFacingDenialTextSmoke_java	UI_INPUT	UI Input Navigation	positioned	2	1	38	1686	fad885f4923b062e6c866b01b2e599372c6c65a2bd8bb99946430689d4baf6ae
src/mechanist/PlayerFacingEventLogText.java	M_src_mechanist_PlayerFacingEventLogText_java	UI_RENDER	UI Render Surfaces	positioned	1	4	73	2642	efd990ce7e965c530d7404695aceb6b05637853a30c2d74a9df6b1c8b15f5440
src/mechanist/PlayerFacingEventLogTextSmoke.java	M_src_mechanist_PlayerFacingEventLogTextSmoke_java	UI_INPUT	UI Input Navigation	positioned	1	1	29	1122	7b116acba3683f53a87674f71c861c3ea796a715bb9207d4b60b4c22d46f979b
src/mechanist/PlayerFacingInspectionText.java	M_src_mechanist_PlayerFacingInspectionText_java	UI_RENDER	UI Render Surfaces	positioned	1	10	84	2928	e2f089805b41ecc886d71f14d9bff3682adc4eb36182f6d4a6088e08bbd7bc78
src/mechanist/PlayerFacingInspectionTextSmoke.java	M_src_mechanist_PlayerFacingInspectionTextSmoke_java	UI_INPUT	UI Input Navigation	positioned	2	1	34	1400	0c1d8ffdf8147feedced50fb7dddfd867c6db505aaa75a62bc403b0b7e8ad4a7
src/mechanist/PlayerFacingListRowText.java	M_src_mechanist_PlayerFacingListRowText_java	UI_RENDER	UI Render Surfaces	positioned	1	9	122	5043	9f05bd569400bc3af24e3ae2afc3eac3a126648caa4da3f72646d5c228651968
src/mechanist/PlayerFacingListRowTextSmoke.java	M_src_mechanist_PlayerFacingListRowTextSmoke_java	UI_INPUT	UI Input Navigation	positioned	1	1	29	1079	5fc244a8dd08cb8ff403ae13849b01aff1a3c5c6a0deef9db355a0b480db188d
src/mechanist/PlayerFacingMenuOptionText.java	M_src_mechanist_PlayerFacingMenuOptionText_java	UI_RENDER	UI Render Surfaces	positioned	1	8	117	4961	40ddbc8211218bfdc49f3295b86804f99e5aa5a6e7a4040e3cbcfaedb41eb65a
src/mechanist/PlayerFacingMenuOptionTextSmoke.java	M_src_mechanist_PlayerFacingMenuOptionTextSmoke_java	UI_RENDER	UI Render Surfaces	positioned	1	1	27	1044	53626a4eca6a4fcd10ce643ab31b9a6631aa7c0fffc25c3a6774856243cd39bd
src/mechanist/PlayerFacingPanelBody.java	M_src_mechanist_PlayerFacingPanelBody_java	UI_RENDER	UI Render Surfaces	positioned	1	6	119	4814	5b1ce286fb3e0cd7bc60bf7ae85cbca445553905491c7eaf8788701954cf0749
src/mechanist/PlayerFacingPanelBodySmoke.java	M_src_mechanist_PlayerFacingPanelBodySmoke_java	UI_RENDER	UI Render Surfaces	positioned	1	1	29	1164	dbef99524ae5e47fb6a1860dcdeb24526fabd935a5890856c3d77ff9988afc65
src/mechanist/PlayerFacingText.java	M_src_mechanist_PlayerFacingText_java	UI_RENDER	UI Render Surfaces	positioned	1	17	79	2810	a3152811556cd7a08bd570c5407bd0fa7695e9119b47e09ce1de641c9ddbf64f
src/mechanist/PlayerFacingTextWrap.java	M_src_mechanist_PlayerFacingTextWrap_java	UI_RENDER	UI Render Surfaces	positioned	1	4	91	3247	5debb77b22c83d2abf0eb7f48ecbe39c603fe5b4d8f3733640d73a3f6ddbfae8
src/mechanist/PlayerFacingTextWrapSmoke.java	M_src_mechanist_PlayerFacingTextWrapSmoke_java	UI_INPUT	UI Input Navigation	positioned	1	1	33	1173	8f281ab493bc772caddaa7a5e1d2850f2f4206f5548796f0bb3bdbce80a49457
src/mechanist/PlayerFacingTooltipText.java	M_src_mechanist_PlayerFacingTooltipText_java	UI_RENDER	UI Render Surfaces	positioned	1	4	66	2451	d18172f8e1d1b2bb32e1f3f1f0a2d8fefab2ae434a75e22e7b9aabdc4c06bb8c
src/mechanist/PlayerFacingTooltipTextSmoke.java	M_src_mechanist_PlayerFacingTooltipTextSmoke_java	UI_INPUT	UI Input Navigation	positioned	1	1	29	1140	4ec545ca7b8df3d3c89bffe4a531c62c4aaca6db857700e300d2e734aaf346f9
src/mechanist/PlayerFacingUiText.java	M_src_mechanist_PlayerFacingUiText_java	UI_RENDER	UI Render Surfaces	positioned	1	17	162	7125	fd1f9d47e28a552b79736de613345ba5e94e68c6736d9eb02399440bac2d8230
src/mechanist/PlayerFacingUiTextSmoke.java	M_src_mechanist_PlayerFacingUiTextSmoke_java	UI_RENDER	UI Render Surfaces	positioned	2	1	47	2125	5a3283d6dd744db35054a410b42ea417a9e8c6ad9dec2abdada161dff9dd51bb
src/mechanist/PlayerFactionAutonomousTickAuthority.java	M_src_mechanist_PlayerFactionAutonomousTickAuthority_java	UI_RENDER	UI Render Surfaces	positioned	3	12	140	9161	f8f0a77ed00a21fdc1739d286609f277e0928fe7f81086ecd6813e456a81a70c
src/mechanist/PlayerFactionAutonomyAuthority.java	M_src_mechanist_PlayerFactionAutonomyAuthority_java	UI_RENDER	UI Render Surfaces	positioned	1	16	155	8142	f8c698173019f5ee0206e5f70902e839e657850d5264d1f9ee85580e577bcdb1
src/mechanist/PlayerFactionWorldAuthority.java	M_src_mechanist_PlayerFactionWorldAuthority_java	UI_RENDER	UI Render Surfaces	positioned	1	9	128	8933	4c1e22b0b2e50b3b1f978b6c0a342d63a333ea1c4ffe3d5fd57feb6143860455
src/mechanist/PlayerIdentity.java	M_src_mechanist_PlayerIdentity_java	UI_INPUT	UI Input Navigation	positioned	2	6	53	2473	188935a3abfe90e7730bfdded6fe7da2766408cfa5e1119e2772eaa8fd21a1ab
src/mechanist/PlayerLifecycleService.java	M_src_mechanist_PlayerLifecycleService_java	UI_RENDER	UI Render Surfaces	positioned	4	9	67	3568	1c1ae310ed71c9083cce5a1b0e948dbe2ee065435f680b6784b6b58afb137e65
src/mechanist/PlayerNpcCommandParityAuthority.java	M_src_mechanist_PlayerNpcCommandParityAuthority_java	UI_RENDER	UI Render Surfaces	positioned	2	16	174	10331	984eeae610b1b620b053ce04ad261172eca86615daa375b4cd5289b2997e2a07
src/mechanist/PlayerSessionManager.java	M_src_mechanist_PlayerSessionManager_java	UI_INPUT	UI Input Navigation	positioned	3	9	54	3299	79239cdfef28c559083b0a260e8284d4e1e3822d041edebd5d31bfb20b86dea1
src/mechanist/PlayerWorldStateRecord.java	M_src_mechanist_PlayerWorldStateRecord_java	UI_INPUT	UI Input Navigation	positioned	2	0	27	963	1f2615b70acf7caff7a1da4fa526ead0f26cfc12cca2167c2bb31abc94f1b539
src/mechanist/PopulationPersonnelFramework.java	M_src_mechanist_PopulationPersonnelFramework_java	UI_RENDER	UI Render Surfaces	positioned	9	122	1262	82504	15849f461860edac2e489fdde4aac13add859bb8e400048c6151a3ea61bbeaae
src/mechanist/PortraitSemanticAssetAuthority.java	M_src_mechanist_PortraitSemanticAssetAuthority_java	UI_INPUT	UI Input Navigation	positioned	5	17	231	11149	08188db9d682b8e3812be5c418e796d1ba96769eb49f1ebcc401172bc083bf0b
src/mechanist/PredictedLocalController.java	M_src_mechanist_PredictedLocalController_java	UI_RENDER	UI Render Surfaces	positioned	6	15	124	6547	40cdd0aa72ccb972b9c83393371be110b89ba90ddc04cd0b2422576c9a8ff2a4
src/mechanist/ProGuardMapParser.java	M_src_mechanist_ProGuardMapParser_java	RUNTIME_OPTIONS	Runtime Options	positioned	8	23	272	12858	d96fdb2b67fbca891a19f8b27ab08c7c6538c6c4efa237ed79c20eab6b13a01d
src/mechanist/ProductionAuthorityFramework.java	M_src_mechanist_ProductionAuthorityFramework_java	UI_RENDER	UI Render Surfaces	positioned	50	314	3105	341832	e0f62617c7675ddc15f9bfd8c658782acd76c6af3ecd1c58ea38ec6db47fe031
src/mechanist/ProductionQueueRecordBridge.java	M_src_mechanist_ProductionQueueRecordBridge_java	UI_RENDER	UI Render Surfaces	positioned	2	12	88	5926	f328e415637d80bb5ae567f393421f0d4c900be4bc145681b913416e4b46770f
src/mechanist/ProgressiveConstructionAuthority.java	M_src_mechanist_ProgressiveConstructionAuthority_java	UI_RENDER	UI Render Surfaces	positioned	1	23	220	11934	1a927684ac87422e47b497319f5dd43126a3ab56a73cee82fd9c8622f8cfe140
src/mechanist/ProjectReevaluationAuthority.java	M_src_mechanist_ProjectReevaluationAuthority_java	UI_RENDER	UI Render Surfaces	positioned	1	9	73	7909	346985ab3700c914e550e95c03661ded854296e7167f435e64bb892516c3ca1e
src/mechanist/PublicServiceMediaAuthority.java	M_src_mechanist_PublicServiceMediaAuthority_java	UI_RENDER	UI Render Surfaces	positioned	2	27	180	10473	109fdca63ba00783bc687283ffd52a396c58a04cd2c920372b0ee18116efad1d
src/mechanist/ReflectiveNettyBindingService.java	M_src_mechanist_ReflectiveNettyBindingService_java	RUNTIME_OPTIONS	Runtime Options	positioned	2	6	63	3250	3fa1a503a9ae2785d52d1f468032f2355badb17ea9936b0df23f4664948e0590
src/mechanist/RenderScalingCrtAuthority.java	M_src_mechanist_RenderScalingCrtAuthority_java	UI_RENDER	UI Render Surfaces	positioned	3	27	196	7914	983d74d468d0831c1699694ee05bea2a40c2a36fd2245b9a64c81275baeb84a6
src/mechanist/RetargetReadinessAuditAuthority.java	M_src_mechanist_RetargetReadinessAuditAuthority_java	UI_RENDER	UI Render Surfaces	positioned	3	17	212	12983	c9c0b124c68b7b87f3d0cc0f1dc017ce0d8ecd1393699f5bf61c47eabaad53e9
src/mechanist/RoadAdjacencyIntegrationAuthority.java	M_src_mechanist_RoadAdjacencyIntegrationAuthority_java	WORLD_GEN	World Generation Transition	positioned	2	19	250	11158	a9716802a5d202f0bdbce16bf0c6ce4668aac62730549924cb33562bd3ed30ce
src/mechanist/RoadFrontageFixtureAuthority.java	M_src_mechanist_RoadFrontageFixtureAuthority_java	WORLD_GEN	World Generation Transition	positioned	2	15	231	12630	049b471fcb953c830bf6f3ba5ece9bb5e69b2263edbbe21347ca22ed90cd5571
src/mechanist/RoadGridIntegrationAuthority.java	M_src_mechanist_RoadGridIntegrationAuthority_java	UI_RENDER	UI Render Surfaces	positioned	2	13	203	9381	6286eb5c590ee9da42e4a37a25660fc16b09eec828f2ee0bb8693b7810424ff4
src/mechanist/RoadTransitFixtureAuthority.java	M_src_mechanist_RoadTransitFixtureAuthority_java	UI_RENDER	UI Render Surfaces	positioned	2	18	184	13418	f06778ab29c7944827ea48c3afee25861f06e94224a6127e3a92ac757ca96556
src/mechanist/RoadTransitFixtureInteractionAuthority.java	M_src_mechanist_RoadTransitFixtureInteractionAuthority_java	UI_RENDER	UI Render Surfaces	positioned	1	2	24	1008	d7bddf9726245262d2b3483895024b62f9eec0a77911559c1f6de47927508e48
src/mechanist/RoomFixtureInteractionAuthority.java	M_src_mechanist_RoomFixtureInteractionAuthority_java	UI_RENDER	UI Render Surfaces	positioned	2	21	313	23724	29717c24e14f3ee2cd89e9dc4d2adc6cce5c9a72e66f6915f461541f026c57eb
src/mechanist/RoomManifestApi.java	M_src_mechanist_RoomManifestApi_java	UI_INPUT	UI Input Navigation	positioned	2	8	189	29492	07a30b1e276a0410b7e88c278a7d996acfac185793113b15a824554e8dd94f45
src/mechanist/RoomProfile.java	M_src_mechanist_RoomProfile_java	RUNTIME_OPTIONS	Runtime Options	positioned	1	31	335	48117	32174c826bc7b55e982af636c987337c146f4d7434d639d1f099c80dd58c6632
src/mechanist/RuntimePathResolver.java	M_src_mechanist_RuntimePathResolver_java	RUNTIME_OPTIONS	Runtime Options	positioned	1	12	122	4733	29c614c50fec6470e7006ad9dea73c3bc520c73e2c181bf3ab2e114805e1d308
src/mechanist/RuntimeProfile.java	M_src_mechanist_RuntimeProfile_java	RUNTIME_OPTIONS	Runtime Options	positioned	1	5	115	5742	5612fe38ec6cf56c5f21b26b84453162118323e7a277dbd612e1c2398314774f
src/mechanist/RuntimeSeparationAuthority.java	M_src_mechanist_RuntimeSeparationAuthority_java	UI_RENDER	UI Render Surfaces	positioned	1	4	54	2770	29ea8c15a124d822ad6a0e1306450aa28e4c2b88c3f61ba304e82c0e6e93c104
src/mechanist/SaveEfficiencyAuthority.java	M_src_mechanist_SaveEfficiencyAuthority_java	UI_RENDER	UI Render Surfaces	positioned	3	38	482	28321	a7521d752b737227733d6161ecb511ac784430680ae43c005d8f1014cb8e7373
src/mechanist/ScreenPainter.java	M_src_mechanist_ScreenPainter_java	UI_RENDER	UI Render Surfaces	positioned	1	0	10	206	fc74a31b20d2a8213964485c4e394a77dafd85f5aa97e29360f976a3c3e8df28
src/mechanist/SectorAuditRuntimeAuthority.java	M_src_mechanist_SectorAuditRuntimeAuthority_java	UI_RENDER	UI Render Surfaces	positioned	3	11	195	10296	19083f75a412973a7e47bd480ca02f043f0dfacbe6a39a64dae1bbe93ee3bae3
src/mechanist/SectorGenerationTraceAuthority.java	M_src_mechanist_SectorGenerationTraceAuthority_java	UI_RENDER	UI Render Surfaces	positioned	3	15	163	6659	36fdc1ee5170e464c88d4fefb8a49d0d71f74cd1011bb959cbb57b4a2c64bd86
src/mechanist/SectorManager.java	M_src_mechanist_SectorManager_java	UI_INPUT	UI Input Navigation	positioned	12	59	609	25224	31096c01587bf7746b8d6413a3d4c991adaa615a9fed068415c4ecd2b64d47f0
src/mechanist/SecureChatPacket.java	M_src_mechanist_SecureChatPacket_java	UI_INPUT	UI Input Navigation	positioned	1	11	132	5806	ac8b9eeec2cc6baf925df9ac0135940c9b1ea98264b34a52d236a615397b37c6
src/mechanist/SecureHandshakeStateMachine.java	M_src_mechanist_SecureHandshakeStateMachine_java	RUNTIME_OPTIONS	Runtime Options	positioned	18	62	292	14786	7d84839910160a8da87212fe0378d980e470f91f5f5b46d76fb8dcfa7fffc550
src/mechanist/SecureLocalSaveValidationManager.java	M_src_mechanist_SecureLocalSaveValidationManager_java	UI_INPUT	UI Input Navigation	positioned	2	7	72	3402	fa1c44a50933b57ca524b540d7026651ef5dde979d4d2eb3e0cda8fe8da7e926
src/mechanist/SecureModClassLoader.java	M_src_mechanist_SecureModClassLoader_java	RUNTIME_OPTIONS	Runtime Options	positioned	6	6	142	5629	eccdc2a89c5c1928ea4eb50e7b911aee9c8c33227164136aa7178cf6ef7eb854
src/mechanist/SecureServerNetworkingCore.java	M_src_mechanist_SecureServerNetworkingCore_java	RUNTIME_OPTIONS	Runtime Options	positioned	1	2	71	4664	1dc468479b8886be4a0facba472149e4832a367cf76a5515a71bf86c7604b148
src/mechanist/SecurityPathGuard.java	M_src_mechanist_SecurityPathGuard_java	RUNTIME_OPTIONS	Runtime Options	positioned	2	5	43	1899	199ee8e230f157a21448171dab5118327f8b37fd087de13dd94433fb159d940e
src/mechanist/SelfEntombmentConstructionAuthority.java	M_src_mechanist_SelfEntombmentConstructionAuthority_java	UI_RENDER	UI Render Surfaces	positioned	2	12	120	6182	318aeaee123ca8c7704e4e2bd132723e1f796009c6e7c4e5eb8b476469a8116e
src/mechanist/SemanticAssetInfopediaAuthority.java	M_src_mechanist_SemanticAssetInfopediaAuthority_java	UI_RENDER	UI Render Surfaces	positioned	2	8	140	6691	c001aebda69f4cb7e12d876d629d8beaf82369528c211bb9b37b60ee8224625c
src/mechanist/ServerAdminEntryBridge.java	M_src_mechanist_ServerAdminEntryBridge_java	UI_RENDER	UI Render Surfaces	positioned	1	7	81	3925	a3a2daa3cf913fe9be93f6792bb654377b55ccc1bf2fbb729f0ba0529071a239
src/mechanist/ServerConfig.java	M_src_mechanist_ServerConfig_java	RUNTIME_OPTIONS	Runtime Options	positioned	1	5	86	4023	9a424de9f76c946b09091d2de27de6d8f449d2e09ca172e7e8eb82ed121eb4c8
src/mechanist/ServerDisasterRecoveryEngine.java	M_src_mechanist_ServerDisasterRecoveryEngine_java	UI_INPUT	UI Input Navigation	positioned	5	11	178	9844	c6db5478de3f54855f4febcc70b920a0675397b158307420a85ec43cb9e5fa75
src/mechanist/ServerPerformanceMonitor.java	M_src_mechanist_ServerPerformanceMonitor_java	RUNTIME_OPTIONS	Runtime Options	positioned	2	11	75	3199	ed16253dcc1205cec02ff18104cbe8c94c74e4f875571bbd10e77741926003b5
src/mechanist/ServerRuntimePaths.java	M_src_mechanist_ServerRuntimePaths_java	UI_RENDER	UI Render Surfaces	positioned	2	18	72	3077	242e858ed48dd7c5dff29aeea1ec7e6226228a97e1c1ed7d512ddac793415c4d
src/mechanist/SimpleJson.java	M_src_mechanist_SimpleJson_java	UI_INPUT	UI Input Navigation	positioned	2	12	73	3457	2ce5fd467324c945fd5c80edf64a90fb24f705fc076679930df6f50f083425a6
src/mechanist/SimulationEditorRepository.java	M_src_mechanist_SimulationEditorRepository_java	UI_RENDER	UI Render Surfaces	positioned	5	33	251	14669	b700a9278a3e8fd1ac186d90f388e3aae13d3f3901aa54094cb7cf48dfb63b8e
src/mechanist/SimulationEditorSuite.java	M_src_mechanist_SimulationEditorSuite_java	UI_RENDER	UI Render Surfaces	positioned	17	60	824	45085	84becd4e91817b5a534e1b692b061c1190f508aaee1529a99d4372349e51eb24
src/mechanist/SinglePlayerSectorRuntimeBridge.java	M_src_mechanist_SinglePlayerSectorRuntimeBridge_java	UI_RENDER	UI Render Surfaces	positioned	1	31	305	16161	54a87dbcf57a17a3ae0d1e60a52bb74905fcb54d9b76a8407a4eabce999f4ba6
src/mechanist/SnapshotDeltaCompressor.java	M_src_mechanist_SnapshotDeltaCompressor_java	UI_INPUT	UI Input Navigation	positioned	9	39	294	16480	a0dc1459e6af8b2c76c69bb0f2c83cd59925ac1ee818fb7506118dddee2474ea
src/mechanist/SpawnPlacementResolver.java	M_src_mechanist_SpawnPlacementResolver_java	WORLD_GEN	World Generation Transition	positioned	2	4	40	2349	cb8b7cab785c487f6b7ee15a3537a0a805fec14aeff2935e1ca1eab8f2fbfa69
src/mechanist/StackTraceDeobfuscator.java	M_src_mechanist_StackTraceDeobfuscator_java	UI_RENDER	UI Render Surfaces	positioned	6	10	131	7231	b095d71b68f49739a34b3e0de05ebfbb113e15e5c92852ab3bf97788c0d52c18
src/mechanist/StaffingLaborBridgeAuthority.java	M_src_mechanist_StaffingLaborBridgeAuthority_java	UI_RENDER	UI Render Surfaces	positioned	2	11	147	7131	9988631d464b9c00a630420102719e9326f886a829ddf264ec2ac972a70c721c
src/mechanist/StaffingRoleSkillValidationAuthority.java	M_src_mechanist_StaffingRoleSkillValidationAuthority_java	UI_RENDER	UI Render Surfaces	positioned	2	8	138	6744	8e86d981580928e62ce2fa69df353287b9a072d7ac3ba3284dc2e3ea4eccabb4
src/mechanist/StampedModuleSpec.java	M_src_mechanist_StampedModuleSpec_java	RUNTIME_OPTIONS	Runtime Options	positioned	1	1	22	1009	e20dfbbba02b501ca03198d9fbcd81a4c5f658d1a681ef17d2ffcd27c0f11a6d
src/mechanist/StampedRoomSpec.java	M_src_mechanist_StampedRoomSpec_java	RUNTIME_OPTIONS	Runtime Options	positioned	1	3	26	1128	2a11bb4eb68fca9fa2d5883a59f0a66e4bc3e8f21a8f8d6b6081ce3b6472c211
src/mechanist/SteamNetworkingBridge.java	M_src_mechanist_SteamNetworkingBridge_java	UI_INPUT	UI Input Navigation	positioned	6	8	106	5259	b994d0771d06a5d98561ce4ca6d3d1a722a36857520013f2bd1fed3d77c1a399
src/mechanist/SystemdSocketActivationBridge.java	M_src_mechanist_SystemdSocketActivationBridge_java	RUNTIME_OPTIONS	Runtime Options	positioned	2	4	23	1302	7b8a3364d20981868ca6860d70340aa1c6548e92a46f2737f7b12c0a8a2d4618
src/mechanist/TheMechanist.java	M_src_mechanist_TheMechanist_java	UI_RENDER	UI Render Surfaces	positioned	1	1	47	2392	f307330a42819b7277efa8d2a2e16be22dba2da39f1235bd92986589bede3328
src/mechanist/TheMechanistServer.java	M_src_mechanist_TheMechanistServer_java	UI_INPUT	UI Input Navigation	positioned	4	6	96	3909	3d87076653552e6f01e82bfb78992f785fe905914d0f34831a837c99c720082e
src/mechanist/TileArtSystem.java	M_src_mechanist_TileArtSystem_java	UI_INPUT	UI Input Navigation	positioned	2	9	123	4582	dd755bb9f55a62e2acb54fc8fa08e09a5362700cb19bb1fa657835b643243e90
src/mechanist/TileDataCompilationAuthority.java	M_src_mechanist_TileDataCompilationAuthority_java	UI_RENDER	UI Render Surfaces	positioned	3	46	603	28503	624e5a781c15b222cb121a4da195071ca653e1540404fbc1bcb4e47e078527a5
src/mechanist/TileImageRegistry.java	M_src_mechanist_TileImageRegistry_java	UI_RENDER	UI Render Surfaces	positioned	4	35	139	6274	1c5043f845b5784dae184bbee98c41f58539c989c377758eb70b121972487102
src/mechanist/TileInfopediaAuthority.java	M_src_mechanist_TileInfopediaAuthority_java	UI_RENDER	UI Render Surfaces	positioned	2	11	250	21356	65218e8205f77360e1ff6431ed8ff611f93cbdc8ca50ea039c23ca58853aeda0
src/mechanist/TileSemanticAssetAuthority.java	M_src_mechanist_TileSemanticAssetAuthority_java	UI_RENDER	UI Render Surfaces	positioned	1	17	256	10976	c774ffa378f46640df8508330848fb0f3649db5f5456e2597128bab3e460100e
src/mechanist/TreeCanvasPanel.java	M_src_mechanist_TreeCanvasPanel_java	UI_RENDER	UI Render Surfaces	positioned	1	18	232	9172	a5efec084f089037efac2ea9d810b8548f002bc7b9f329db9156e3d7b24e6baa
src/mechanist/UiHoverHelpPainter.java	M_src_mechanist_UiHoverHelpPainter_java	UI_RENDER	UI Render Surfaces	positioned	1	2	42	1846	609246b1108e34e3e73ac57c8fb49ea9e740501199359e2b61cb8497945824ef
src/mechanist/UiModalButtonController.java	M_src_mechanist_UiModalButtonController_java	UI_RENDER	UI Render Surfaces	positioned	1	4	38	1613	433421f6984c917a50ff39e275211fe31ea1278f0fbb519a2ecacba109a23ad9
src/mechanist/UiRuntimeSupportFramework.java	M_src_mechanist_UiRuntimeSupportFramework_java	UI_RENDER	UI Render Surfaces	positioned	9	50	428	20938	2509a9260a9da445c294b971c10ba63c14a54761f62ecd81c39c2fb4600d34c4
src/mechanist/UiTextSurfacePainter.java	M_src_mechanist_UiTextSurfacePainter_java	UI_RENDER	UI Render Surfaces	positioned	1	6	98	4110	e10660b6b1e96b153c620dea50e11573a2bda1e66aad18b58420d0b0c2552ef6
src/mechanist/UniversalManagementWindowAuthority.java	M_src_mechanist_UniversalManagementWindowAuthority_java	WORLD_GEN	World Generation Transition	positioned	2	5	49	3490	52aba0cd3cbad50cdcdffa9524745216812888e8694fbc72c3f70c23c7415b2f
src/mechanist/UniversalWindowAuthority.java	M_src_mechanist_UniversalWindowAuthority_java	UI_RENDER	UI Render Surfaces	positioned	6	15	234	10906	908fffa6aa6ebbccbf4fd8ec2ce81aa14c5914b44b655d5ad7ffae6d01dbeafa
src/mechanist/UserProfileAuthority.java	M_src_mechanist_UserProfileAuthority_java	UI_INPUT	UI Input Navigation	positioned	2	13	144	6777	ffdaf409e2d06a09aa74a69864129c1a018d1555457bf7f109e50eb993f8eb21
src/mechanist/VisualJuiceFramework.java	M_src_mechanist_VisualJuiceFramework_java	UI_RENDER	UI Render Surfaces	positioned	17	55	593	27133	06ae703842a4282027f0f03bb776b8b3c281ab08d6aa3a331c98f3351d5167c1
src/mechanist/VisualLightingAuthority.java	M_src_mechanist_VisualLightingAuthority_java	UI_RENDER	UI Render Surfaces	positioned	4	17	272	14663	e0c0ab6f8951ad3910978fa9354f29a655fc22c1228a20d02b2676b17d05b0d0
src/mechanist/WasteNewsprintScavengeAuthority.java	M_src_mechanist_WasteNewsprintScavengeAuthority_java	UI_RENDER	UI Render Surfaces	positioned	2	12	133	7984	25cdea6ad7c1531440dfa2dd7672d3fdcc42cf9509fd0e3f476831008af133cc
src/mechanist/WindowsLaunchHealthCheck.java	M_src_mechanist_WindowsLaunchHealthCheck_java	UI_RENDER	UI Render Surfaces	positioned	5	9	149	6691	b7ee91e3a0e97197ab4aecfd6fe7eed9caf7328987aca33244415ba2266bfff2
src/mechanist/WorldCommandRequest.java	M_src_mechanist_WorldCommandRequest_java	UI_RENDER	UI Render Surfaces	positioned	13	45	170	8753	c46b1183ae4b1f5430b727ff99a8addb47165f0e7a85ede6e991b982a27fb0b3
src/mechanist/WorldRuntimeGenerationFramework.java	M_src_mechanist_WorldRuntimeGenerationFramework_java	UI_RENDER	UI Render Surfaces	positioned	34	351	8140	389004	1b1f203cf125c6b153f05890422cdc81fb5063d99009b3dbb50b94cbcf0af055
src/mechanist/WorldSimulationClock.java	M_src_mechanist_WorldSimulationClock_java	UI_INPUT	UI Input Navigation	positioned	4	11	115	5490	8e654386e6e83372d09de23c861a6b06a05c5672b7a5486fe66cb2d4c504b34b
src/mechanist/WorldSimulationFramework.java	M_src_mechanist_WorldSimulationFramework_java	UI_RENDER	UI Render Surfaces	positioned	26	204	1800	132955	fcb8e419c14bac8c60950e3571a61e5ec9154d9795f9b4eadab45bf600497822
src/mechanist/WorldSnapshot.java	M_src_mechanist_WorldSnapshot_java	UI_RENDER	UI Render Surfaces	positioned	6	18	189	9588	19802c60491d459932dfb85a6b226e3dd4aeb2c1882adc0b5c1d64d6aa5ce1b7
src/mechanist/WorldTurnManager.java	M_src_mechanist_WorldTurnManager_java	WORLD_GEN	World Generation Transition	positioned	2	8	74	2800	6826925412f99c8cfb855830177af59146755f8e87fa3b509d7b6a6e0d31be76
src/mechanist/ZoneGenerationContext.java	M_src_mechanist_ZoneGenerationContext_java	UI_RENDER	UI Render Surfaces	positioned	9	18	396	14394	8b64a4070adce478066b0728a2acf74a36acec70456a893cadbc07d85b23d9ed
src/mechanist/ZoneType.java	M_src_mechanist_ZoneType_java	UI_RENDER	UI Render Surfaces	positioned	1	5	67	4979	d1a747bdd8cb608a9967a2eab93adf723d2c975867ec4107af5c255445c3419a
src/mechanist/assets/AssetManager.java	M_src_mechanist_assets_AssetManager_java	UI_RENDER	UI Render Surfaces	positioned	1	31	320	12138	032a0a79e4a08ae5bcba5fd5aec9244d96830139a5bf4156a4b9e01bfcac8215
src/mechanist/assets/AssetMetadata.java	M_src_mechanist_assets_AssetMetadata_java	UI_RENDER	UI Render Surfaces	positioned	1	3	63	2321	57f9dae29d3d29622ed51923ad71105b09ca2dda9ea0efbb34a288f2679ce2dc
src/mechanist/assets/AssetQualityTier.java	M_src_mechanist_assets_AssetQualityTier_java	COMBAT_SIM	Combat Entity Simulation	positioned	2	3	34	1067	a8f926cbb11db76aae3c98a67a66020da7ae75beab8c7ae850c8887a532f77bf
src/mechanist/assets/AssetRegistry.java	M_src_mechanist_assets_AssetRegistry_java	RUNTIME_OPTIONS	Runtime Options	positioned	2	17	233	9555	b3e4fc8e3743a51e6853d26c94cf4e001f1dbf36b3db36a2e2b97f12b09d90ed
src/mechanist/assets/AssetType.java	M_src_mechanist_assets_AssetType_java	RUNTIME_OPTIONS	Runtime Options	positioned	1	3	56	1508	7efb2a24a94c7cee1b7a1046658fca9ad484b93ab4eaf54c265a138e73e96493
src/mechanist/assets/GeneratedAssetPathResolver.java	M_src_mechanist_assets_GeneratedAssetPathResolver_java	UI_RENDER	UI Render Surfaces	positioned	1	6	49	2310	df91b296f408afdb936522db9de6e5023587bc6d74153cb82645d24a7502250b
src/mechanist/assets/GeneratedAssetRuntime.java	M_src_mechanist_assets_GeneratedAssetRuntime_java	UI_RENDER	UI Render Surfaces	positioned	1	21	276	12545	1905a630d2c4e38fc6409b654c3999bd50618f2bfa53360fe5f1c36b5ca594c2
src/mechanist/assets/GraphicsPackage.java	M_src_mechanist_assets_GraphicsPackage_java	UI_RENDER	UI Render Surfaces	positioned	1	1	38	1124	fc5be748b5c293c8cfab8d37f150318053a271f147a6a50a466e049af9d09c09
src/mechanist/assets/GraphicsPackageRegistry.java	M_src_mechanist_assets_GraphicsPackageRegistry_java	UI_RENDER	UI Render Surfaces	positioned	1	9	109	4325	aed0756ac0fe617edc3d6d56e2d552585b97c11320837d5781944582b449ebc0
src/mechanist/assets/SemanticAssetPathAudit.java	M_src_mechanist_assets_SemanticAssetPathAudit_java	UI_RENDER	UI Render Surfaces	positioned	4	21	302	13152	f7a7c52c1a639847d56b78158710edb8c702c7a55a756eaba0f5a8b78d9ec0f4
src/mechanist/assets/SemanticAssetReference.java	M_src_mechanist_assets_SemanticAssetReference_java	COMBAT_SIM	Combat Entity Simulation	positioned	1	2	32	1197	ce00bfd5c8a98e90ce8e637bcfbaab1358f2a458b2d6d3d39bedde1dc7f3795c
src/mechanist/assets/SemanticAssetResolver.java	M_src_mechanist_assets_SemanticAssetResolver_java	RUNTIME_OPTIONS	Runtime Options	positioned	1	15	125	5972	57dc71a06d75ab6956dab55cf768a9b98dfd53262fcf456ef5da21c90f6e55bc
src/mechanist/input/GenericControllerInput.java	M_src_mechanist_input_GenericControllerInput_java	UI_RENDER	UI Render Surfaces	positioned	2	5	43	1607	f22bb210ddefc5e7879287293485d6f00ec0ecc3db2bd94e0f3d3a6db7ad81b4
src/mechanist/input/InputDevice.java	M_src_mechanist_input_InputDevice_java	UI_INPUT	UI Input Navigation	positioned	1	2	20	405	67b0b9dd4bdf2e1902e15f2afe60e0d79cd067a552d521e13919fba8b181e0db
src/mechanist/input/InputToken.java	M_src_mechanist_input_InputToken_java	UI_RENDER	UI Render Surfaces	positioned	1	10	103	4047	1378624a62ce3dff888eb7a5abdbbdc31cee64c52045c1212164e4bcbcf6abd0
src/mechanist/input/KeyBind.java	M_src_mechanist_input_KeyBind_java	UI_INPUT	UI Input Navigation	positioned	1	2	24	855	abee7330ac42ef74b7dd836fec31974c104ae8b15b455e857c01e37a01798cf4
src/mechanist/input/KeyBindingManager.java	M_src_mechanist_input_KeyBindingManager_java	UI_INPUT	UI Input Navigation	positioned	4	20	202	9034	b1df11ec0c817083ef2e36228032e0f032b852103cf8756016683fe9496e1dac
src/mechanist/launcher/LauncherFallbackProfileAuthority.java	M_src_mechanist_launcher_LauncherFallbackProfileAuthority_java	UI_INPUT	UI Input Navigation	positioned	2	5	131	5796	61651e24b82764efc8ffbef0436a703da7024de36369e4270f2571a1e49992cd
src/mechanist/launcher/LauncherServerJoinIdentityBridge.java	M_src_mechanist_launcher_LauncherServerJoinIdentityBridge_java	UI_INPUT	UI Input Navigation	positioned	3	2	84	4377	602a23869ece06f1faaae423b0a3c33dfa654b5b4f7ec23796461a96b4d7bcf3
src/mechanist/launcher/LauncherWrapperDetector.java	M_src_mechanist_launcher_LauncherWrapperDetector_java	UI_RENDER	UI Render Surfaces	positioned	3	9	129	4957	3d2824c273ddaa9cf43d01ff05c094101e9601fe55100d437454719db80739b2
src/mechanist/launcher/ThinLauncherMain.java	M_src_mechanist_launcher_ThinLauncherMain_java	RUNTIME_OPTIONS	Runtime Options	positioned	2	4	112	5879	6aeb99a1090b863226535f37e978a0d4ec77a1c89d9a8e6213051827bc8cd50c
src/mechanist/modapi/AlignmentVector.java	M_src_mechanist_modapi_AlignmentVector_java	FIXTURE_MACHINE	Fixtures Machines	positioned	1	2	12	468	5b0567bcd493540fa3b797c7d57eefe79a070a78a6edd91af90ff9f933ca23e8
src/mechanist/modapi/DiplomacyChange.java	M_src_mechanist_modapi_DiplomacyChange_java	COMBAT_SIM	Combat Entity Simulation	positioned	1	1	12	486	e44293023621d746e321b1a882690cffc2fd419448601fbfdb4db64fc4cca593
src/mechanist/modapi/DiplomaticSignal.java	M_src_mechanist_modapi_DiplomaticSignal_java	INVENTORY_PERSIST	Inventory Items Persistence	positioned	1	0	11	210	d5beb9048d325a3ab9119d116e335c4f5954b89c4315cb99e5585890adcecd6f
src/mechanist/modapi/FactionProfile.java	M_src_mechanist_modapi_FactionProfile_java	UI_INPUT	UI Input Navigation	positioned	1	14	47	2579	3150df61c468617b27f475f0e5d17f465869df5fe7a7c33bf112499744836d66
src/mechanist/modapi/ItemTemplate.java	M_src_mechanist_modapi_ItemTemplate_java	UI_INPUT	UI Input Navigation	positioned	1	17	47	2487	58646ef4ee99acff2de8078c8c1d67d163fd172e7393fe68d74f4a9b1f06375e
src/mechanist/modapi/LoreDatabase.java	M_src_mechanist_modapi_LoreDatabase_java	UI_RENDER	UI Render Surfaces	positioned	1	6	35	1575	b60358244a94c615094201dfe854100712fdc13d0dc0cf05ed444daef2558e4b
src/mechanist/modapi/LoreEntry.java	M_src_mechanist_modapi_LoreEntry_java	COMBAT_SIM	Combat Entity Simulation	positioned	1	1	14	686	a70e5d6179e47137a024e5f7a3516c61d43feaed77a9f8d7e2d8527523ad3e38
src/mechanist/modapi/LoreQuery.java	M_src_mechanist_modapi_LoreQuery_java	COMBAT_SIM	Combat Entity Simulation	positioned	1	1	8	234	79ca80c22294db4608992ee6b1c567bc9f84b82df0022238a921b3e9490c0413
src/mechanist/modapi/ModIntegrationHook.java	M_src_mechanist_modapi_ModIntegrationHook_java	WORLD_GEN	World Generation Transition	positioned	1	13	23	2354	9b6442f0159328e9a8c3660971891e29bc7b0a0c2300536db0d7a8f892a4ad59
src/mechanist/modapi/NavigationVector.java	M_src_mechanist_modapi_NavigationVector_java	UI_INPUT	UI Input Navigation	positioned	1	5	19	726	5165fa59962562e38e2264cf4949ab44c681d80c1820dbbe9ec85fe9c5818387
src/mechanist/modapi/PlacementNode.java	M_src_mechanist_modapi_PlacementNode_java	COMBAT_SIM	Combat Entity Simulation	positioned	1	1	10	344	5f15cce4ba2eed32d0e7db6e3c5db9427c718f081e82c775e91a0c4de49ce640
src/mechanist/modapi/ResearchNode.java	M_src_mechanist_modapi_ResearchNode_java	RUNTIME_OPTIONS	Runtime Options	positioned	1	2	13	695	909fb4a824974b99f6f012ad2d32f5e54c4d917129309e04a52d84ac8890e7d1
src/mechanist/modapi/ResearchTree.java	M_src_mechanist_modapi_ResearchTree_java	RUNTIME_OPTIONS	Runtime Options	positioned	1	7	37	1513	b8c4cdb6872418bc204bb805d3ae1bcd8dec8be1244546b6e42d0ee04aab12f5
src/mechanist/modapi/RoomDimensions.java	M_src_mechanist_modapi_RoomDimensions_java	WORLD_GEN	World Generation Transition	positioned	1	1	8	221	6cffcf09fb70a7bf4886848f53114d72ac013f08e1babacdc884a48396dcc216
src/mechanist/modapi/RoomNode.java	M_src_mechanist_modapi_RoomNode_java	UI_INPUT	UI Input Navigation	positioned	1	16	57	2817	7e1a787eebaccdbd6d9aa865f9c452fdee3545cc9ca242323a1f5b3d8c858fc0
src/mechanist/modapi/SectorCoordinates.java	M_src_mechanist_modapi_SectorCoordinates_java	WORLD_GEN	World Generation Transition	positioned	1	1	3	84	b9e8cec205175cae5693be0180dbc9d9af8cf654f7e8f03e12bd20b10a486704
src/mechanist/modapi/SectorInstance.java	M_src_mechanist_modapi_SectorInstance_java	UI_INPUT	UI Input Navigation	positioned	1	14	55	2634	2287e67e539f7bafd1e567fa8b8c9232d01c7871a63dcce22e3a56eb0e155219
src/mechanist/modapi/SimulationContext.java	M_src_mechanist_modapi_SimulationContext_java	RUNTIME_OPTIONS	Runtime Options	positioned	1	23	62	3330	232d4dcb618e7c67241441ed8b507f8e7fd6dce455f7bc1e6bfedc1eb4d9d4d8
src/mechanist/modapi/SimulationEvent.java	M_src_mechanist_modapi_SimulationEvent_java	UI_INPUT	UI Input Navigation	positioned	8	0	12	1375	73a17f0f9965c179e7f24b79ab1674eda172c3eca4cfe18e2b0c3ea3e5d7e27a
src/mechanist/modapi/SimulationModRuntime.java	M_src_mechanist_modapi_SimulationModRuntime_java	RUNTIME_OPTIONS	Runtime Options	positioned	1	11	63	2995	964650ea93dc145578a9d778a9ad2bb765c931c29891e364ae47e5315086da66
src/mechanist/modapi/examples/AncientXenobiologyKnowledgeMod.java	M_src_mechanist_modapi_examples_AncientXenobiologyKnowledgeMod_java	WORLD_GEN	World Generation Transition	positioned	1	0	35	2282	492649bf50bf2b014e84e63b187cea12aec1aba0122919181cdbb876cf1335be
src/mechanist/modapi/examples/AnomalousCosmicSectorMod.java	M_src_mechanist_modapi_examples_AnomalousCosmicSectorMod_java	UI_INPUT	UI Input Navigation	positioned	1	0	52	2945	c4db895b317c429d3471ab7790d66a3771e453f73864b813ae9ab59924560eab
src/mechanist/modapi/examples/CyberneticCollectorFactionMod.java	M_src_mechanist_modapi_examples_CyberneticCollectorFactionMod_java	WORLD_GEN	World Generation Transition	positioned	1	0	48	2609	035fdfb0477578266fc26917ba7ac2c99d429a24636c69df1dc592bdaec58b1b
src/mechanist/modapi/examples/LocalizedGravityAnchorItemMod.java	M_src_mechanist_modapi_examples_LocalizedGravityAnchorItemMod_java	UI_RENDER	UI Render Surfaces	positioned	1	0	42	2099	14eb8f90c9a28ee745d7262413459e8362ee5c5c08cc6547c30d5e54996502c0
src/mechanist/modapi/examples/PrecursorInfopediaMod.java	M_src_mechanist_modapi_examples_PrecursorInfopediaMod_java	UI_RENDER	UI Render Surfaces	positioned	1	1	59	3301	a9614b4f2d900185d4443321ddb464d9b08d0c83c3198b51739a67e836292d43
src/mechanist/modapi/examples/ReinforcedHydroponicsLabMod.java	M_src_mechanist_modapi_examples_ReinforcedHydroponicsLabMod_java	WORLD_GEN	World Generation Transition	positioned	1	0	43	2435	c1ea93c121c59337a4ae14406f0030f72d9990c4d2cf9b48fbbf28bb6a79fdf2
src/mechanist/net/MultiplayerJoinPanel.java	M_src_mechanist_net_MultiplayerJoinPanel_java	UI_RENDER	UI Render Surfaces	positioned	1	6	113	4331	9a3db1788a4477f0ce5e396a7dce0c709780ee273ab12d6cfbab73d16675c108
src/mechanist/net/MultiplayerJoinRequest.java	M_src_mechanist_net_MultiplayerJoinRequest_java	RUNTIME_OPTIONS	Runtime Options	positioned	1	9	40	1689	44a8e242ad6ff7a15c2ead6137175d71c88c037f5c453edd63855bb1f93f175b
src/mechanist/net/StreamSafeTextFields.java	M_src_mechanist_net_StreamSafeTextFields_java	UI_RENDER	UI Render Surfaces	positioned	1	7	75	3363	726ad4e7535210bfeca0268e6fe3f20d0761e00f377537d025b2b250399ca734
src/mechanist/server/admin/ServerAdminConsole.java	M_src_mechanist_server_admin_ServerAdminConsole_java	UI_RENDER	UI Render Surfaces	positioned	4	14	270	14916	c4a90bf63a8b0642db26738534f38b26eff805d72a8e7fdea90cae0885dec2a2
src/mechanist/server/admin/ServerAdminEvent.java	M_src_mechanist_server_admin_ServerAdminEvent_java	WORLD_GEN	World Generation Transition	positioned	2	8	52	1530	11b4d1e46a3488970f391db1926065362c1aa2845db50c74b9e1df7437c78792
src/mechanist/server/admin/ServerAdminLog.java	M_src_mechanist_server_admin_ServerAdminLog_java	RUNTIME_OPTIONS	Runtime Options	positioned	1	5	45	1478	38aefb4eea12518bb4b0937f9fa726fe59fc09af89091ad7e20581d4233044d2
src/mechanist/server/admin/ServerMaintenanceResult.java	M_src_mechanist_server_admin_ServerMaintenanceResult_java	COMBAT_SIM	Combat Entity Simulation	positioned	2	7	36	1096	316cf1320571e6a48b799f4c7e01a61344c50a40b68254bbd1ff82b1cbcac368
src/mechanist/server/admin/ServerMaintenanceService.java	M_src_mechanist_server_admin_ServerMaintenanceService_java	RUNTIME_OPTIONS	Runtime Options	positioned	1	14	150	6910	f229a066f219e439ce17587568737510a1fbb6b046a5dc24167f3ceb4a83e381
src/mechanist/server/admin/ServerRestartPlan.java	M_src_mechanist_server_admin_ServerRestartPlan_java	INVENTORY_PERSIST	Inventory Items Persistence	positioned	2	7	38	1235	1017dce0936b4ab79ea1fc800d121c4e02458cf09cab536a1b81f782637d2720
src/mechanist/server/admin/ServerRuntimeStatus.java	M_src_mechanist_server_admin_ServerRuntimeStatus_java	RUNTIME_OPTIONS	Runtime Options	positioned	1	11	54	2517	6c93c93d0da69fec13fda8a17b786e998b90d8af7e170bfcec8a6ab4d93de1d0
src/mechanist/server/admin/ServerRuntimeStatusProvider.java	M_src_mechanist_server_admin_ServerRuntimeStatusProvider_java	UI_INPUT	UI Input Navigation	positioned	1	9	97	4844	e09943e33dd3bfe874da0bbded8e1371756baef637099586ff222158190aac72
src/mechanist/server/admin/ServerSafeRestartService.java	M_src_mechanist_server_admin_ServerSafeRestartService_java	RUNTIME_OPTIONS	Runtime Options	positioned	1	6	95	5085	bba33b75bc737caeef679b1c14f8c045a19ffa2ec950520a3a0faef25234feae
src/mechanist/server/admin/ServerUpdateService.java	M_src_mechanist_server_admin_ServerUpdateService_java	UI_INPUT	UI Input Navigation	positioned	2	7	126	6394	3f8da83f9d3eb5e3b3a52a38485ae1bf2f63fbc744375b850a85e36f23e299b5
src/mechanist/server/admin/ServerUpdateStatus.java	M_src_mechanist_server_admin_ServerUpdateStatus_java	COMBAT_SIM	Combat Entity Simulation	positioned	2	8	45	1781	81e41adacda8bbb44ee1e304857989d68c2cd14ce14a3d0d5b26c7c76b814be3
src/mechanist/ui/GraphicsPackageSelectorPanel.java	M_src_mechanist_ui_GraphicsPackageSelectorPanel_java	UI_RENDER	UI Render Surfaces	positioned	1	6	75	2738	f437861b25663f13aaf90b5b03e7e0243eebaa1bf8fa511f05983876fdedf480
src/mechanist/ui/KeybindingRemappingPanel.java	M_src_mechanist_ui_KeybindingRemappingPanel_java	UI_RENDER	UI Render Surfaces	positioned	2	22	309	12394	39a37dd7b01509973840839c5126b86ff46220b3f6e63927c65a583911dd82d8
src/mechanist/ui/SquareCommandAction.java	M_src_mechanist_ui_SquareCommandAction_java	COMBAT_SIM	Combat Entity Simulation	positioned	1	9	38	1345	9b7fa13f88542487c8a7f26ffd9da0c55d16bd7a98470bf8becb5527815fd9c6
src/mechanist/ui/SquareCommandBar.java	M_src_mechanist_ui_SquareCommandBar_java	UI_RENDER	UI Render Surfaces	positioned	1	9	86	3086	fe95cb2a9ea471629dd090ff5d8d3db7694f9e5efe785bc3b7214c37078151fb
src/mechanist/ui/SquareCommandBarDemo.java	M_src_mechanist_ui_SquareCommandBarDemo_java	UI_RENDER	UI Render Surfaces	positioned	1	2	27	1291	334e9feabb97e484d74c7c9b51173c19548c57984ee1bd2976119a8a1c146804
