source	destination	action	size_bytes	note
ROOT_SRC_assets/Mechanist_art_SRC_do_not_MODIFY/Mechanist art/Background/Backdrop.png	PACKAGE_client/assets/a/r/source/Background/Backdrop.png	copied	2479661	mechanist_source_art_runtime_sync
ROOT_SRC_assets/Mechanist_art_SRC_do_not_MODIFY/Mechanist art/Background/CLOUDS1slow.png	PACKAGE_client/assets/a/r/source/Background/CLOUDS1slow.png	copied	1842821	mechanist_source_art_runtime_sync
ROOT_SRC_assets/Mechanist_art_SRC_do_not_MODIFY/Mechanist art/Background/Clouds2fast.png	PACKAGE_client/assets/a/r/source/Background/Clouds2fast.png	copied	968365	mechanist_source_art_runtime_sync
ROOT_SRC_assets/Mechanist_art_SRC_do_not_MODIFY/Mechanist art/Title/Sub title.png	PACKAGE_client/assets/a/r/source/Title/Sub title.png	copied	1779411	mechanist_source_art_runtime_sync
ROOT_SRC_assets/Mechanist_art_SRC_do_not_MODIFY/Mechanist art/Title/TITEL.png	PACKAGE_client/assets/a/r/source/Title/TITEL.png	copied	1941195	mechanist_source_art_runtime_sync
ROOT_SRC_assets/Mechanist_art_SRC_do_not_MODIFY/Mechanist art/TILES/BULKHEAD/Bulkhead walls+doors-open.png	PACKAGE_client/assets/a/r/tiles/BULKHEAD/Bulkhead walls+doors-open.png	copied	2741921	mechanist_source_art_runtime_sync
ROOT_SRC_assets/Mechanist_art_SRC_do_not_MODIFY/Mechanist art/TILES/BULKHEAD/Bulkhead walls+doors.png	PACKAGE_client/assets/a/r/tiles/BULKHEAD/Bulkhead walls+doors.png	copied	3097984	mechanist_source_art_runtime_sync
ROOT_SRC_assets/Mechanist_art_SRC_do_not_MODIFY/Mechanist art/TILES/Corridors/Corridors A.png	PACKAGE_client/assets/a/r/tiles/Corridors/Corridors A.png	copied	2922221	mechanist_source_art_runtime_sync
ROOT_SRC_assets/Mechanist_art_SRC_do_not_MODIFY/Mechanist art/TILES/Corridors/CorridorsB.png	PACKAGE_client/assets/a/r/tiles/Corridors/CorridorsB.png	copied	3290726	mechanist_source_art_runtime_sync
ROOT_SRC_assets/Mechanist_art_SRC_do_not_MODIFY/Mechanist art/TILES/Defenses/Defenses.png	PACKAGE_client/assets/a/r/tiles/Defenses/Defenses.png	copied	2885813	mechanist_source_art_runtime_sync
ROOT_SRC_assets/Mechanist_art_SRC_do_not_MODIFY/Mechanist art/TILES/Defenses/Enforcer_assets.png	PACKAGE_client/assets/a/r/tiles/Defenses/Enforcer_assets.png	copied	3187444	mechanist_source_art_runtime_sync
ROOT_SRC_assets/Mechanist_art_SRC_do_not_MODIFY/Mechanist art/TILES/Defenses/Noble House defenses.png	PACKAGE_client/assets/a/r/tiles/Defenses/Noble House defenses.png	copied	2921847	mechanist_source_art_runtime_sync
ROOT_SRC_assets/Mechanist_art_SRC_do_not_MODIFY/Mechanist art/TILES/Defenses/Noble Houses Defenses 2.png	PACKAGE_client/assets/a/r/tiles/Defenses/Noble Houses Defenses 2.png	copied	2973598	mechanist_source_art_runtime_sync
ROOT_SRC_assets/Mechanist_art_SRC_do_not_MODIFY/Mechanist art/TILES/Defenses/PDF Defenses 2.png	PACKAGE_client/assets/a/r/tiles/Defenses/PDF Defenses 2.png	copied	2962733	mechanist_source_art_runtime_sync
ROOT_SRC_assets/Mechanist_art_SRC_do_not_MODIFY/Mechanist art/TILES/Defenses/PDF Defenses.png	PACKAGE_client/assets/a/r/tiles/Defenses/PDF Defenses.png	copied	2869799	mechanist_source_art_runtime_sync
ROOT_SRC_assets/Mechanist_art_SRC_do_not_MODIFY/Mechanist art/TILES/Defenses/Precinct_defenses.png	PACKAGE_client/assets/a/r/tiles/Defenses/Precinct_defenses.png	copied	2897007	mechanist_source_art_runtime_sync
ROOT_SRC_assets/Mechanist_art_SRC_do_not_MODIFY/Mechanist art/TILES/Doors/Doors-C.png	PACKAGE_client/assets/a/r/tiles/Doors/Doors-C.png	copied	2522822	mechanist_source_art_runtime_sync
ROOT_SRC_assets/Mechanist_art_SRC_do_not_MODIFY/Mechanist art/TILES/Doors/Doors-O.png	PACKAGE_client/assets/a/r/tiles/Doors/Doors-O.png	copied	2018495	mechanist_source_art_runtime_sync
ROOT_SRC_assets/Mechanist_art_SRC_do_not_MODIFY/Mechanist art/TILES/Doors/Road doors.png	PACKAGE_client/assets/a/r/tiles/Doors/Road doors.png	copied	2844876	mechanist_source_art_runtime_sync
ROOT_SRC_assets/Mechanist_art_SRC_do_not_MODIFY/Mechanist art/TILES/Doors/Stairs stairs elevator platforms hatches and ladders.png	PACKAGE_client/assets/a/r/tiles/Doors/Stairs stairs elevator platforms hatches and ladders.png	copied	3087255	mechanist_source_art_runtime_sync
ROOT_SRC_assets/Mechanist_art_SRC_do_not_MODIFY/Mechanist art/TILES/Emergency_machines,1x1/emm_01.png	PACKAGE_client/assets/a/r/tiles/Emergency_machines,1x1/emm_01.png	copied	35124	mechanist_source_art_runtime_sync
ROOT_SRC_assets/Mechanist_art_SRC_do_not_MODIFY/Mechanist art/TILES/Emergency_machines,1x1/emm_02.png	PACKAGE_client/assets/a/r/tiles/Emergency_machines,1x1/emm_02.png	copied	34049	mechanist_source_art_runtime_sync
ROOT_SRC_assets/Mechanist_art_SRC_do_not_MODIFY/Mechanist art/TILES/Emergency_machines,1x1/emm_03.png	PACKAGE_client/assets/a/r/tiles/Emergency_machines,1x1/emm_03.png	copied	36726	mechanist_source_art_runtime_sync
ROOT_SRC_assets/Mechanist_art_SRC_do_not_MODIFY/Mechanist art/TILES/Emergency_machines,1x1/emm_04.png	PACKAGE_client/assets/a/r/tiles/Emergency_machines,1x1/emm_04.png	copied	32982	mechanist_source_art_runtime_sync
ROOT_SRC_assets/Mechanist_art_SRC_do_not_MODIFY/Mechanist art/TILES/Emergency_machines,1x1/emm_05.png	PACKAGE_client/assets/a/r/tiles/Emergency_machines,1x1/emm_05.png	copied	20718	mechanist_source_art_runtime_sync
ROOT_SRC_assets/Mechanist_art_SRC_do_not_MODIFY/Mechanist art/TILES/Emergency_machines,1x1/emm_06.png	PACKAGE_client/assets/a/r/tiles/Emergency_machines,1x1/emm_06.png	copied	12671	mechanist_source_art_runtime_sync
ROOT_SRC_assets/Mechanist_art_SRC_do_not_MODIFY/Mechanist art/TILES/Faction/Faction_2.png	PACKAGE_client/assets/a/r/tiles/Faction/Faction_2.png	copied	2182630	mechanist_source_art_runtime_sync
ROOT_SRC_assets/Mechanist_art_SRC_do_not_MODIFY/Mechanist art/TILES/Faction/Faction_one .png	PACKAGE_client/assets/a/r/tiles/Faction/Faction_one .png	copied	2274756	mechanist_source_art_runtime_sync
ROOT_SRC_assets/Mechanist_art_SRC_do_not_MODIFY/Mechanist art/TILES/floors/Assorted floors.png	PACKAGE_client/assets/a/r/tiles/floors/Assorted floors.png	copied	3425592	mechanist_source_art_runtime_sync
ROOT_SRC_assets/Mechanist_art_SRC_do_not_MODIFY/Mechanist art/TILES/floors/Cultfloors.png	PACKAGE_client/assets/a/r/tiles/floors/Cultfloors.png	copied	3210725	mechanist_source_art_runtime_sync
ROOT_SRC_assets/Mechanist_art_SRC_do_not_MODIFY/Mechanist art/TILES/floors/Factory floors.png	PACKAGE_client/assets/a/r/tiles/floors/Factory floors.png	copied	3225294	mechanist_source_art_runtime_sync
ROOT_SRC_assets/Mechanist_art_SRC_do_not_MODIFY/Mechanist art/TILES/floors/FleshCult floors.png	PACKAGE_client/assets/a/r/tiles/floors/FleshCult floors.png	copied	3181646	mechanist_source_art_runtime_sync
ROOT_SRC_assets/Mechanist_art_SRC_do_not_MODIFY/Mechanist art/TILES/floors/Floor-panels.png	PACKAGE_client/assets/a/r/tiles/floors/Floor-panels.png	copied	3377866	mechanist_source_art_runtime_sync
ROOT_SRC_assets/Mechanist_art_SRC_do_not_MODIFY/Mechanist art/TILES/floors/Gangfloors.png	PACKAGE_client/assets/a/r/tiles/floors/Gangfloors.png	copied	3050929	mechanist_source_art_runtime_sync
ROOT_SRC_assets/Mechanist_art_SRC_do_not_MODIFY/Mechanist art/TILES/floors/Posh-Floors.png	PACKAGE_client/assets/a/r/tiles/floors/Posh-Floors.png	copied	3211723	mechanist_source_art_runtime_sync
ROOT_SRC_assets/Mechanist_art_SRC_do_not_MODIFY/Mechanist art/TILES/floors/Sewer floors.png	PACKAGE_client/assets/a/r/tiles/floors/Sewer floors.png	copied	3028342	mechanist_source_art_runtime_sync
ROOT_SRC_assets/Mechanist_art_SRC_do_not_MODIFY/Mechanist art/TILES/floors/Sewer multi tile.png	PACKAGE_client/assets/a/r/tiles/floors/Sewer multi tile.png	copied	2809455	mechanist_source_art_runtime_sync
ROOT_SRC_assets/Mechanist_art_SRC_do_not_MODIFY/Mechanist art/TILES/Implants/Assorted implant modifications.png	PACKAGE_client/assets/a/r/tiles/Implants/Assorted implant modifications.png	copied	2604809	mechanist_source_art_runtime_sync
ROOT_SRC_assets/Mechanist_art_SRC_do_not_MODIFY/Mechanist art/TILES/Implants/Assorted implants.png	PACKAGE_client/assets/a/r/tiles/Implants/Assorted implants.png	copied	2839883	mechanist_source_art_runtime_sync
ROOT_SRC_assets/Mechanist_art_SRC_do_not_MODIFY/Mechanist art/TILES/Implants/Quality tier implants.png	PACKAGE_client/assets/a/r/tiles/Implants/Quality tier implants.png	copied	2947519	mechanist_source_art_runtime_sync
ROOT_SRC_assets/Mechanist_art_SRC_do_not_MODIFY/Mechanist art/TILES/ITEMS/Alcohols_Valuables_Sealed.png	PACKAGE_client/assets/a/r/tiles/ITEMS/Alcohols_Valuables_Sealed.png	copied	2931179	mechanist_source_art_runtime_sync
ROOT_SRC_assets/Mechanist_art_SRC_do_not_MODIFY/Mechanist art/TILES/ITEMS/Automotive components.png	PACKAGE_client/assets/a/r/tiles/ITEMS/Automotive components.png	copied	3326221	mechanist_source_art_runtime_sync
ROOT_SRC_assets/Mechanist_art_SRC_do_not_MODIFY/Mechanist art/TILES/ITEMS/Chemical reagents industrial components.png	PACKAGE_client/assets/a/r/tiles/ITEMS/Chemical reagents industrial components.png	copied	3242704	mechanist_source_art_runtime_sync
ROOT_SRC_assets/Mechanist_art_SRC_do_not_MODIFY/Mechanist art/TILES/ITEMS/Faction rank journals,6x6.png	PACKAGE_client/assets/a/r/tiles/ITEMS/Faction rank journals,6x6.png	copied	3276126	mechanist_source_art_runtime_sync
ROOT_SRC_assets/Mechanist_art_SRC_do_not_MODIFY/Mechanist art/TILES/ITEMS/Generic items.png	PACKAGE_client/assets/a/r/tiles/ITEMS/Generic items.png	copied	2468275	mechanist_source_art_runtime_sync
ROOT_SRC_assets/Mechanist_art_SRC_do_not_MODIFY/Mechanist art/TILES/ITEMS/Hiver Clothing.png	PACKAGE_client/assets/a/r/tiles/ITEMS/Hiver Clothing.png	copied	3320572	mechanist_source_art_runtime_sync
ROOT_SRC_assets/Mechanist_art_SRC_do_not_MODIFY/Mechanist art/TILES/ITEMS/Knowledge devices.png	PACKAGE_client/assets/a/r/tiles/ITEMS/Knowledge devices.png	copied	2722771	mechanist_source_art_runtime_sync
ROOT_SRC_assets/Mechanist_art_SRC_do_not_MODIFY/Mechanist art/TILES/ITEMS/Knowledges.png	PACKAGE_client/assets/a/r/tiles/ITEMS/Knowledges.png	copied	3186921	mechanist_source_art_runtime_sync
ROOT_SRC_assets/Mechanist_art_SRC_do_not_MODIFY/Mechanist art/TILES/ITEMS/Medical items and drugs.png	PACKAGE_client/assets/a/r/tiles/ITEMS/Medical items and drugs.png	copied	2753120	mechanist_source_art_runtime_sync
ROOT_SRC_assets/Mechanist_art_SRC_do_not_MODIFY/Mechanist art/TILES/ITEMS/Narcotics.png	PACKAGE_client/assets/a/r/tiles/ITEMS/Narcotics.png	copied	3015880	mechanist_source_art_runtime_sync
ROOT_SRC_assets/Mechanist_art_SRC_do_not_MODIFY/Mechanist art/TILES/ITEMS/Quality level armors r.png	PACKAGE_client/assets/a/r/tiles/ITEMS/Quality level armors r.png	copied	3455469	mechanist_source_art_runtime_sync
ROOT_SRC_assets/Mechanist_art_SRC_do_not_MODIFY/Mechanist art/TILES/ITEMS/WEAPONS-1.png	PACKAGE_client/assets/a/r/tiles/ITEMS/WEAPONS-1.png	copied	2534719	mechanist_source_art_runtime_sync
ROOT_SRC_assets/Mechanist_art_SRC_do_not_MODIFY/Mechanist art/TILES/ITEMS/WEAPONS-2.png	PACKAGE_client/assets/a/r/tiles/ITEMS/WEAPONS-2.png	copied	2610470	mechanist_source_art_runtime_sync
ROOT_SRC_assets/Mechanist_art_SRC_do_not_MODIFY/Mechanist art/TILES/ITEMS/Weapons-3+Newspaper-armors.png	PACKAGE_client/assets/a/r/tiles/ITEMS/Weapons-3+Newspaper-armors.png	copied	2751369	mechanist_source_art_runtime_sync
ROOT_SRC_assets/Mechanist_art_SRC_do_not_MODIFY/Mechanist art/TILES/Knowledges/SKILLS.png	PACKAGE_client/assets/a/r/tiles/Knowledges/SKILLS.png	copied	188114	mechanist_source_art_runtime_sync
ROOT_SRC_assets/Mechanist_art_SRC_do_not_MODIFY/Mechanist art/TILES/Knowledges/the_mechanist_skill_icons_rondels_transparent_320x320.png	PACKAGE_client/assets/a/r/tiles/Knowledges/the_mechanist_skill_icons_rondels_transparent_320x320.png	copied	191084	mechanist_source_art_runtime_sync
ROOT_SRC_assets/Mechanist_art_SRC_do_not_MODIFY/Mechanist art/TILES/Objects/Animal pens, cloning vats, Algae tank.png	PACKAGE_client/assets/a/r/tiles/Objects/Animal pens, cloning vats, Algae tank.png	copied	3106343	mechanist_source_art_runtime_sync
ROOT_SRC_assets/Mechanist_art_SRC_do_not_MODIFY/Mechanist art/TILES/Objects/barstuff.png	PACKAGE_client/assets/a/r/tiles/Objects/barstuff.png	copied	3008650	mechanist_source_art_runtime_sync
ROOT_SRC_assets/Mechanist_art_SRC_do_not_MODIFY/Mechanist art/TILES/Objects/Children's-Creche.png	PACKAGE_client/assets/a/r/tiles/Objects/Children's-Creche.png	copied	2970459	mechanist_source_art_runtime_sync
ROOT_SRC_assets/Mechanist_art_SRC_do_not_MODIFY/Mechanist art/TILES/Objects/DECOR.png	PACKAGE_client/assets/a/r/tiles/Objects/DECOR.png	copied	2600612	mechanist_source_art_runtime_sync
ROOT_SRC_assets/Mechanist_art_SRC_do_not_MODIFY/Mechanist art/TILES/Objects/Domestic.png	PACKAGE_client/assets/a/r/tiles/Objects/Domestic.png	copied	2648372	mechanist_source_art_runtime_sync
ROOT_SRC_assets/Mechanist_art_SRC_do_not_MODIFY/Mechanist art/TILES/Objects/FakeLostRelics.png	PACKAGE_client/assets/a/r/tiles/Objects/FakeLostRelics.png	copied	3107870	mechanist_source_art_runtime_sync
ROOT_SRC_assets/Mechanist_art_SRC_do_not_MODIFY/Mechanist art/TILES/Objects/FARMstuff.png	PACKAGE_client/assets/a/r/tiles/Objects/FARMstuff.png	copied	3094465	mechanist_source_art_runtime_sync
ROOT_SRC_assets/Mechanist_art_SRC_do_not_MODIFY/Mechanist art/TILES/Objects/goods.png	PACKAGE_client/assets/a/r/tiles/Objects/goods.png	copied	2844443	mechanist_source_art_runtime_sync
ROOT_SRC_assets/Mechanist_art_SRC_do_not_MODIFY/Mechanist art/TILES/Objects/Junk_RGBA.png	PACKAGE_client/assets/a/r/tiles/Objects/Junk_RGBA.png	copied	1673006	mechanist_source_art_runtime_sync
ROOT_SRC_assets/Mechanist_art_SRC_do_not_MODIFY/Mechanist art/TILES/Objects/LabsChem.png	PACKAGE_client/assets/a/r/tiles/Objects/LabsChem.png	copied	2944276	mechanist_source_art_runtime_sync
ROOT_SRC_assets/Mechanist_art_SRC_do_not_MODIFY/Mechanist art/TILES/Objects/Loot_bodies.png	PACKAGE_client/assets/a/r/tiles/Objects/Loot_bodies.png	copied	3205540	mechanist_source_art_runtime_sync
ROOT_SRC_assets/Mechanist_art_SRC_do_not_MODIFY/Mechanist art/TILES/Objects/Machinery.png	PACKAGE_client/assets/a/r/tiles/Objects/Machinery.png	copied	3052328	mechanist_source_art_runtime_sync
ROOT_SRC_assets/Mechanist_art_SRC_do_not_MODIFY/Mechanist art/TILES/Objects/Medicaie.png	PACKAGE_client/assets/a/r/tiles/Objects/Medicaie.png	copied	3006208	mechanist_source_art_runtime_sync
ROOT_SRC_assets/Mechanist_art_SRC_do_not_MODIFY/Mechanist art/TILES/Objects/Military parts.png	PACKAGE_client/assets/a/r/tiles/Objects/Military parts.png	copied	3299262	mechanist_source_art_runtime_sync
ROOT_SRC_assets/Mechanist_art_SRC_do_not_MODIFY/Mechanist art/TILES/Objects/Objects manifest warning.txt	PACKAGE_client/assets/a/r/tiles/Objects/Objects manifest warning.txt	copied	1542	mechanist_source_art_runtime_sync
ROOT_SRC_assets/Mechanist_art_SRC_do_not_MODIFY/Mechanist art/TILES/Objects/Paperwork.png	PACKAGE_client/assets/a/r/tiles/Objects/Paperwork.png	copied	3277545	mechanist_source_art_runtime_sync
ROOT_SRC_assets/Mechanist_art_SRC_do_not_MODIFY/Mechanist art/TILES/Objects/parks-things.png	PACKAGE_client/assets/a/r/tiles/Objects/parks-things.png	copied	2960927	mechanist_source_art_runtime_sync
ROOT_SRC_assets/Mechanist_art_SRC_do_not_MODIFY/Mechanist art/TILES/Objects/Service_items.png	PACKAGE_client/assets/a/r/tiles/Objects/Service_items.png	copied	2827585	mechanist_source_art_runtime_sync
ROOT_SRC_assets/Mechanist_art_SRC_do_not_MODIFY/Mechanist art/TILES/Objects/Shops_Counters.png	PACKAGE_client/assets/a/r/tiles/Objects/Shops_Counters.png	copied	3113143	mechanist_source_art_runtime_sync
ROOT_SRC_assets/Mechanist_art_SRC_do_not_MODIFY/Mechanist art/TILES/Objects/Tables.png	PACKAGE_client/assets/a/r/tiles/Objects/Tables.png	copied	3125218	mechanist_source_art_runtime_sync
ROOT_SRC_assets/Mechanist_art_SRC_do_not_MODIFY/Mechanist art/TILES/Objects/Temple assets.png	PACKAGE_client/assets/a/r/tiles/Objects/Temple assets.png	copied	2842051	mechanist_source_art_runtime_sync
ROOT_SRC_assets/Mechanist_art_SRC_do_not_MODIFY/Mechanist art/TILES/Objects/trainstuff.png	PACKAGE_client/assets/a/r/tiles/Objects/trainstuff.png	copied	2999969	mechanist_source_art_runtime_sync
ROOT_SRC_assets/Mechanist_art_SRC_do_not_MODIFY/Mechanist art/TILES/Objects/Vending.png	PACKAGE_client/assets/a/r/tiles/Objects/Vending.png	copied	2662231	mechanist_source_art_runtime_sync
ROOT_SRC_assets/Mechanist_art_SRC_do_not_MODIFY/Mechanist art/TILES/Protraits/Automata_servitors.png	PACKAGE_client/assets/a/r/tiles/Protraits/Automata_servitors.png	copied	2668455	mechanist_source_art_runtime_sync
ROOT_SRC_assets/Mechanist_art_SRC_do_not_MODIFY/Mechanist art/TILES/Protraits/Clerics.png	PACKAGE_client/assets/a/r/tiles/Protraits/Clerics.png	copied	2401245	mechanist_source_art_runtime_sync
ROOT_SRC_assets/Mechanist_art_SRC_do_not_MODIFY/Mechanist art/TILES/Protraits/Clerks.png	PACKAGE_client/assets/a/r/tiles/Protraits/Clerks.png	copied	2189783	mechanist_source_art_runtime_sync
ROOT_SRC_assets/Mechanist_art_SRC_do_not_MODIFY/Mechanist art/TILES/Protraits/creatures.png	PACKAGE_client/assets/a/r/tiles/Protraits/creatures.png	copied	2525920	mechanist_source_art_runtime_sync
ROOT_SRC_assets/Mechanist_art_SRC_do_not_MODIFY/Mechanist art/TILES/Protraits/Cultists.png	PACKAGE_client/assets/a/r/tiles/Protraits/Cultists.png	copied	2292571	mechanist_source_art_runtime_sync
ROOT_SRC_assets/Mechanist_art_SRC_do_not_MODIFY/Mechanist art/TILES/Protraits/Enforcer_.png	PACKAGE_client/assets/a/r/tiles/Protraits/Enforcer_.png	copied	2312696	mechanist_source_art_runtime_sync
ROOT_SRC_assets/Mechanist_art_SRC_do_not_MODIFY/Mechanist art/TILES/Protraits/Farm_beasts.png	PACKAGE_client/assets/a/r/tiles/Protraits/Farm_beasts.png	copied	2678422	mechanist_source_art_runtime_sync
ROOT_SRC_assets/Mechanist_art_SRC_do_not_MODIFY/Mechanist art/TILES/Protraits/Flesh_cult.png	PACKAGE_client/assets/a/r/tiles/Protraits/Flesh_cult.png	copied	2429332	mechanist_source_art_runtime_sync
ROOT_SRC_assets/Mechanist_art_SRC_do_not_MODIFY/Mechanist art/TILES/Protraits/Gangers.png	PACKAGE_client/assets/a/r/tiles/Protraits/Gangers.png	copied	2299427	mechanist_source_art_runtime_sync
ROOT_SRC_assets/Mechanist_art_SRC_do_not_MODIFY/Mechanist art/TILES/Protraits/Heretics.png	PACKAGE_client/assets/a/r/tiles/Protraits/Heretics.png	copied	2402789	mechanist_source_art_runtime_sync
ROOT_SRC_assets/Mechanist_art_SRC_do_not_MODIFY/Mechanist art/TILES/Protraits/Hospital.png	PACKAGE_client/assets/a/r/tiles/Protraits/Hospital.png	copied	2587046	mechanist_source_art_runtime_sync
ROOT_SRC_assets/Mechanist_art_SRC_do_not_MODIFY/Mechanist art/TILES/Protraits/Humans8x8.png	PACKAGE_client/assets/a/r/tiles/Protraits/Humans8x8.png	copied	2276253	mechanist_source_art_runtime_sync
ROOT_SRC_assets/Mechanist_art_SRC_do_not_MODIFY/Mechanist art/TILES/Protraits/Medicae.png	PACKAGE_client/assets/a/r/tiles/Protraits/Medicae.png	copied	2679335	mechanist_source_art_runtime_sync
ROOT_SRC_assets/Mechanist_art_SRC_do_not_MODIFY/Mechanist art/TILES/Protraits/Mutants.png	PACKAGE_client/assets/a/r/tiles/Protraits/Mutants.png	copied	2585243	mechanist_source_art_runtime_sync
ROOT_SRC_assets/Mechanist_art_SRC_do_not_MODIFY/Mechanist art/TILES/Protraits/nobles.png	PACKAGE_client/assets/a/r/tiles/Protraits/nobles.png	copied	2276679	mechanist_source_art_runtime_sync
ROOT_SRC_assets/Mechanist_art_SRC_do_not_MODIFY/Mechanist art/TILES/Protraits/PDF_military.png	PACKAGE_client/assets/a/r/tiles/Protraits/PDF_military.png	copied	2424873	mechanist_source_art_runtime_sync
ROOT_SRC_assets/Mechanist_art_SRC_do_not_MODIFY/Mechanist art/TILES/Protraits/pets.png	PACKAGE_client/assets/a/r/tiles/Protraits/pets.png	copied	2969727	mechanist_source_art_runtime_sync
ROOT_SRC_assets/Mechanist_art_SRC_do_not_MODIFY/Mechanist art/TILES/Protraits/Schola_children.png	PACKAGE_client/assets/a/r/tiles/Protraits/Schola_children.png	copied	2251769	mechanist_source_art_runtime_sync
ROOT_SRC_assets/Mechanist_art_SRC_do_not_MODIFY/Mechanist art/TILES/Protraits/Servants_butlers_chefs.png	PACKAGE_client/assets/a/r/tiles/Protraits/Servants_butlers_chefs.png	copied	2505891	mechanist_source_art_runtime_sync
ROOT_SRC_assets/Mechanist_art_SRC_do_not_MODIFY/Mechanist art/TILES/Protraits/Specialprofiles.png	PACKAGE_client/assets/a/r/tiles/Protraits/Specialprofiles.png	copied	2511016	mechanist_source_art_runtime_sync
ROOT_SRC_assets/Mechanist_art_SRC_do_not_MODIFY/Mechanist art/TILES/Protraits/UndyingLords.png	PACKAGE_client/assets/a/r/tiles/Protraits/UndyingLords.png	copied	2514470	mechanist_source_art_runtime_sync
ROOT_SRC_assets/Mechanist_art_SRC_do_not_MODIFY/Mechanist art/TILES/Roads/n-s,e-w,r,i,S.png	PACKAGE_client/assets/a/r/tiles/Roads/n-s,e-w,r,i,S.png	copied	3111772	mechanist_source_art_runtime_sync
ROOT_SRC_assets/Mechanist_art_SRC_do_not_MODIFY/Mechanist art/TILES/Roads/Road infrastructure.png	PACKAGE_client/assets/a/r/tiles/Roads/Road infrastructure.png	copied	3011003	mechanist_source_art_runtime_sync
ROOT_SRC_assets/Mechanist_art_SRC_do_not_MODIFY/Mechanist art/TILES/Roads/Roads_manifest.txt	PACKAGE_client/assets/a/r/tiles/Roads/Roads_manifest.txt	copied	343	mechanist_source_art_runtime_sync
ROOT_SRC_assets/Mechanist_art_SRC_do_not_MODIFY/Mechanist art/TILES/SYSTEM/FLATGRID.png	PACKAGE_client/assets/a/r/tiles/SYSTEM/FLATGRID.png	copied	3201705	mechanist_source_art_runtime_sync
ROOT_SRC_assets/Mechanist_art_SRC_do_not_MODIFY/Mechanist art/TILES/SYSTEM/FRAMEDSystem 2.png	PACKAGE_client/assets/a/r/tiles/SYSTEM/FRAMEDSystem 2.png	copied	2648201	mechanist_source_art_runtime_sync
ROOT_SRC_assets/Mechanist_art_SRC_do_not_MODIFY/Mechanist art/TILES/SYSTEM/FRAMEDSystem 3.png	PACKAGE_client/assets/a/r/tiles/SYSTEM/FRAMEDSystem 3.png	copied	2735741	mechanist_source_art_runtime_sync
ROOT_SRC_assets/Mechanist_art_SRC_do_not_MODIFY/Mechanist art/TILES/SYSTEM/FRAMEDSystem 4.png	PACKAGE_client/assets/a/r/tiles/SYSTEM/FRAMEDSystem 4.png	copied	2834168	mechanist_source_art_runtime_sync
ROOT_SRC_assets/Mechanist_art_SRC_do_not_MODIFY/Mechanist art/TILES/SYSTEM/Frameless_system_icons.png	PACKAGE_client/assets/a/r/tiles/SYSTEM/Frameless_system_icons.png	copied	1749665	mechanist_source_art_runtime_sync
ROOT_SRC_assets/Mechanist_art_SRC_do_not_MODIFY/Mechanist art/TILES/SYSTEM/Ping1x5.png	PACKAGE_client/assets/a/r/tiles/SYSTEM/Ping1x5.png	copied	929656	mechanist_source_art_runtime_sync
ROOT_SRC_assets/Mechanist_art_SRC_do_not_MODIFY/Mechanist art/TILES/SYSTEM/Sector designator.png	PACKAGE_client/assets/a/r/tiles/SYSTEM/Sector designator.png	copied	3356255	mechanist_source_art_runtime_sync
ROOT_SRC_assets/Mechanist_art_SRC_do_not_MODIFY/Mechanist art/TILES/Vehicles/Vehicles2.png	PACKAGE_client/assets/a/r/tiles/Vehicles/Vehicles2.png	copied	3083470	mechanist_source_art_runtime_sync
ROOT_SRC_assets/Mechanist_art_SRC_do_not_MODIFY/Mechanist art/TILES/VOID_tiles/level5+Darkcity.png	PACKAGE_client/assets/a/r/tiles/VOID_tiles/level5+Darkcity.png	copied	1757003	mechanist_source_art_runtime_sync
ROOT_SRC_assets/Mechanist_art_SRC_do_not_MODIFY/Mechanist art/TILES/VOID_tiles/level5-lightcity.png	PACKAGE_client/assets/a/r/tiles/VOID_tiles/level5-lightcity.png	copied	2937679	mechanist_source_art_runtime_sync
ROOT_SRC_assets/Mechanist_art_SRC_do_not_MODIFY/Mechanist art/TILES/Walls/Cultwalls.png	PACKAGE_client/assets/a/r/tiles/Walls/Cultwalls.png	copied	2903321	mechanist_source_art_runtime_sync
ROOT_SRC_assets/Mechanist_art_SRC_do_not_MODIFY/Mechanist art/TILES/Walls/fleshCult-Walls.png	PACKAGE_client/assets/a/r/tiles/Walls/fleshCult-Walls.png	copied	2937623	mechanist_source_art_runtime_sync
ROOT_SRC_assets/Mechanist_art_SRC_do_not_MODIFY/Mechanist art/TILES/Walls/Gangwalls.png	PACKAGE_client/assets/a/r/tiles/Walls/Gangwalls.png	copied	2791334	mechanist_source_art_runtime_sync
ROOT_SRC_assets/Mechanist_art_SRC_do_not_MODIFY/Mechanist art/TILES/Walls/interwall.png	PACKAGE_client/assets/a/r/tiles/Walls/interwall.png	copied	2976949	mechanist_source_art_runtime_sync
ROOT_SRC_assets/Mechanist_art_SRC_do_not_MODIFY/Mechanist art/TILES/Walls/Law-enforcement-walls.png	PACKAGE_client/assets/a/r/tiles/Walls/Law-enforcement-walls.png	copied	2835073	mechanist_source_art_runtime_sync
ROOT_SRC_assets/Mechanist_art_SRC_do_not_MODIFY/Mechanist art/TILES/Walls/Military walls.png	PACKAGE_client/assets/a/r/tiles/Walls/Military walls.png	copied	2771583	mechanist_source_art_runtime_sync
ROOT_SRC_assets/Mechanist_art_SRC_do_not_MODIFY/Mechanist art/TILES/Walls/Noble-and-noble security-walls.png	PACKAGE_client/assets/a/r/tiles/Walls/Noble-and-noble security-walls.png	copied	2871509	mechanist_source_art_runtime_sync
ROOT_SRC_assets/Mechanist_art_SRC_do_not_MODIFY/Mechanist art/TILES/Walls/Sewerwalls.png	PACKAGE_client/assets/a/r/tiles/Walls/Sewerwalls.png	copied	2969340	mechanist_source_art_runtime_sync
ROOT_SRC_assets/Mechanist_art_SRC_do_not_MODIFY/Mechanist art/TILES/Walls/Templewalls.png	PACKAGE_client/assets/a/r/tiles/Walls/Templewalls.png	copied	3027604	mechanist_source_art_runtime_sync
ROOT_SRC_assets/Mechanist_art_SRC_do_not_MODIFY/Mechanist art/TILES/Walls/walls1.png	PACKAGE_client/assets/a/r/tiles/Walls/walls1.png	copied	3229643	mechanist_source_art_runtime_sync
ROOT_SRC_assets/Mechanist_art_SRC_do_not_MODIFY/Mechanist art/TILES/Walls/walls2.png	PACKAGE_client/assets/a/r/tiles/Walls/walls2.png	copied	2733482	mechanist_source_art_runtime_sync
ROOT_SRC_assets/Mechanist_art_SRC_do_not_MODIFY/Mechanist art/TILES/BULKHEAD/Bulkhead walls+doors-open.png	PACKAGE_client/assets/a/r/tiles/BULKHEAD/Bulkhead walls+doors-open.png	skipped	2741921	destination_exists
ROOT_SRC_assets/Mechanist_art_SRC_do_not_MODIFY/Mechanist art/TILES/BULKHEAD/Bulkhead walls+doors.png	PACKAGE_client/assets/a/r/tiles/BULKHEAD/Bulkhead walls+doors.png	skipped	3097984	destination_exists
ROOT_SRC_assets/Mechanist_art_SRC_do_not_MODIFY/Mechanist art/TILES/Corridors/Corridors A.png	PACKAGE_client/assets/a/r/tiles/Corridors/Corridors A.png	skipped	2922221	destination_exists
ROOT_SRC_assets/Mechanist_art_SRC_do_not_MODIFY/Mechanist art/TILES/Corridors/CorridorsB.png	PACKAGE_client/assets/a/r/tiles/Corridors/CorridorsB.png	skipped	3290726	destination_exists
ROOT_SRC_assets/Mechanist_art_SRC_do_not_MODIFY/Mechanist art/TILES/Defenses/Defenses.png	PACKAGE_client/assets/a/r/tiles/Defenses/Defenses.png	skipped	2885813	destination_exists
ROOT_SRC_assets/Mechanist_art_SRC_do_not_MODIFY/Mechanist art/TILES/Defenses/Enforcer_assets.png	PACKAGE_client/assets/a/r/tiles/Defenses/Enforcer_assets.png	skipped	3187444	destination_exists
ROOT_SRC_assets/Mechanist_art_SRC_do_not_MODIFY/Mechanist art/TILES/Defenses/Noble House defenses.png	PACKAGE_client/assets/a/r/tiles/Defenses/Noble House defenses.png	skipped	2921847	destination_exists
ROOT_SRC_assets/Mechanist_art_SRC_do_not_MODIFY/Mechanist art/TILES/Defenses/Noble Houses Defenses 2.png	PACKAGE_client/assets/a/r/tiles/Defenses/Noble Houses Defenses 2.png	skipped	2973598	destination_exists
ROOT_SRC_assets/Mechanist_art_SRC_do_not_MODIFY/Mechanist art/TILES/Defenses/PDF Defenses 2.png	PACKAGE_client/assets/a/r/tiles/Defenses/PDF Defenses 2.png	skipped	2962733	destination_exists
ROOT_SRC_assets/Mechanist_art_SRC_do_not_MODIFY/Mechanist art/TILES/Defenses/PDF Defenses.png	PACKAGE_client/assets/a/r/tiles/Defenses/PDF Defenses.png	skipped	2869799	destination_exists
ROOT_SRC_assets/Mechanist_art_SRC_do_not_MODIFY/Mechanist art/TILES/Defenses/Precinct_defenses.png	PACKAGE_client/assets/a/r/tiles/Defenses/Precinct_defenses.png	skipped	2897007	destination_exists
ROOT_SRC_assets/Mechanist_art_SRC_do_not_MODIFY/Mechanist art/TILES/Doors/Doors-C.png	PACKAGE_client/assets/a/r/tiles/Doors/Doors-C.png	skipped	2522822	destination_exists
ROOT_SRC_assets/Mechanist_art_SRC_do_not_MODIFY/Mechanist art/TILES/Doors/Doors-O.png	PACKAGE_client/assets/a/r/tiles/Doors/Doors-O.png	skipped	2018495	destination_exists
ROOT_SRC_assets/Mechanist_art_SRC_do_not_MODIFY/Mechanist art/TILES/Doors/Road doors.png	PACKAGE_client/assets/a/r/tiles/Doors/Road doors.png	skipped	2844876	destination_exists
ROOT_SRC_assets/Mechanist_art_SRC_do_not_MODIFY/Mechanist art/TILES/Doors/Stairs stairs elevator platforms hatches and ladders.png	PACKAGE_client/assets/a/r/tiles/Doors/Stairs stairs elevator platforms hatches and ladders.png	skipped	3087255	destination_exists
ROOT_SRC_assets/Mechanist_art_SRC_do_not_MODIFY/Mechanist art/TILES/Emergency_machines,1x1/emm_01.png	PACKAGE_client/assets/a/r/tiles/Emergency_machines,1x1/emm_01.png	skipped	35124	destination_exists
ROOT_SRC_assets/Mechanist_art_SRC_do_not_MODIFY/Mechanist art/TILES/Emergency_machines,1x1/emm_02.png	PACKAGE_client/assets/a/r/tiles/Emergency_machines,1x1/emm_02.png	skipped	34049	destination_exists
ROOT_SRC_assets/Mechanist_art_SRC_do_not_MODIFY/Mechanist art/TILES/Emergency_machines,1x1/emm_03.png	PACKAGE_client/assets/a/r/tiles/Emergency_machines,1x1/emm_03.png	skipped	36726	destination_exists
ROOT_SRC_assets/Mechanist_art_SRC_do_not_MODIFY/Mechanist art/TILES/Emergency_machines,1x1/emm_04.png	PACKAGE_client/assets/a/r/tiles/Emergency_machines,1x1/emm_04.png	skipped	32982	destination_exists
ROOT_SRC_assets/Mechanist_art_SRC_do_not_MODIFY/Mechanist art/TILES/Emergency_machines,1x1/emm_05.png	PACKAGE_client/assets/a/r/tiles/Emergency_machines,1x1/emm_05.png	skipped	20718	destination_exists
ROOT_SRC_assets/Mechanist_art_SRC_do_not_MODIFY/Mechanist art/TILES/Emergency_machines,1x1/emm_06.png	PACKAGE_client/assets/a/r/tiles/Emergency_machines,1x1/emm_06.png	skipped	12671	destination_exists
ROOT_SRC_assets/Mechanist_art_SRC_do_not_MODIFY/Mechanist art/TILES/Faction/Faction_2.png	PACKAGE_client/assets/a/r/tiles/Faction/Faction_2.png	skipped	2182630	destination_exists
ROOT_SRC_assets/Mechanist_art_SRC_do_not_MODIFY/Mechanist art/TILES/Faction/Faction_one .png	PACKAGE_client/assets/a/r/tiles/Faction/Faction_one .png	skipped	2274756	destination_exists
ROOT_SRC_assets/Mechanist_art_SRC_do_not_MODIFY/Mechanist art/TILES/floors/Assorted floors.png	PACKAGE_client/assets/a/r/tiles/floors/Assorted floors.png	skipped	3425592	destination_exists
ROOT_SRC_assets/Mechanist_art_SRC_do_not_MODIFY/Mechanist art/TILES/floors/Cultfloors.png	PACKAGE_client/assets/a/r/tiles/floors/Cultfloors.png	skipped	3210725	destination_exists
ROOT_SRC_assets/Mechanist_art_SRC_do_not_MODIFY/Mechanist art/TILES/floors/Factory floors.png	PACKAGE_client/assets/a/r/tiles/floors/Factory floors.png	skipped	3225294	destination_exists
ROOT_SRC_assets/Mechanist_art_SRC_do_not_MODIFY/Mechanist art/TILES/floors/FleshCult floors.png	PACKAGE_client/assets/a/r/tiles/floors/FleshCult floors.png	skipped	3181646	destination_exists
ROOT_SRC_assets/Mechanist_art_SRC_do_not_MODIFY/Mechanist art/TILES/floors/Floor-panels.png	PACKAGE_client/assets/a/r/tiles/floors/Floor-panels.png	skipped	3377866	destination_exists
ROOT_SRC_assets/Mechanist_art_SRC_do_not_MODIFY/Mechanist art/TILES/floors/Gangfloors.png	PACKAGE_client/assets/a/r/tiles/floors/Gangfloors.png	skipped	3050929	destination_exists
ROOT_SRC_assets/Mechanist_art_SRC_do_not_MODIFY/Mechanist art/TILES/floors/Posh-Floors.png	PACKAGE_client/assets/a/r/tiles/floors/Posh-Floors.png	skipped	3211723	destination_exists
ROOT_SRC_assets/Mechanist_art_SRC_do_not_MODIFY/Mechanist art/TILES/floors/Sewer floors.png	PACKAGE_client/assets/a/r/tiles/floors/Sewer floors.png	skipped	3028342	destination_exists
ROOT_SRC_assets/Mechanist_art_SRC_do_not_MODIFY/Mechanist art/TILES/floors/Sewer multi tile.png	PACKAGE_client/assets/a/r/tiles/floors/Sewer multi tile.png	skipped	2809455	destination_exists
ROOT_SRC_assets/Mechanist_art_SRC_do_not_MODIFY/Mechanist art/TILES/Implants/Assorted implant modifications.png	PACKAGE_client/assets/a/r/tiles/Implants/Assorted implant modifications.png	skipped	2604809	destination_exists
ROOT_SRC_assets/Mechanist_art_SRC_do_not_MODIFY/Mechanist art/TILES/Implants/Assorted implants.png	PACKAGE_client/assets/a/r/tiles/Implants/Assorted implants.png	skipped	2839883	destination_exists
ROOT_SRC_assets/Mechanist_art_SRC_do_not_MODIFY/Mechanist art/TILES/Implants/Quality tier implants.png	PACKAGE_client/assets/a/r/tiles/Implants/Quality tier implants.png	skipped	2947519	destination_exists
ROOT_SRC_assets/Mechanist_art_SRC_do_not_MODIFY/Mechanist art/TILES/ITEMS/Alcohols_Valuables_Sealed.png	PACKAGE_client/assets/a/r/tiles/ITEMS/Alcohols_Valuables_Sealed.png	skipped	2931179	destination_exists
ROOT_SRC_assets/Mechanist_art_SRC_do_not_MODIFY/Mechanist art/TILES/ITEMS/Automotive components.png	PACKAGE_client/assets/a/r/tiles/ITEMS/Automotive components.png	skipped	3326221	destination_exists
ROOT_SRC_assets/Mechanist_art_SRC_do_not_MODIFY/Mechanist art/TILES/ITEMS/Chemical reagents industrial components.png	PACKAGE_client/assets/a/r/tiles/ITEMS/Chemical reagents industrial components.png	skipped	3242704	destination_exists
ROOT_SRC_assets/Mechanist_art_SRC_do_not_MODIFY/Mechanist art/TILES/ITEMS/Faction rank journals,6x6.png	PACKAGE_client/assets/a/r/tiles/ITEMS/Faction rank journals,6x6.png	skipped	3276126	destination_exists
ROOT_SRC_assets/Mechanist_art_SRC_do_not_MODIFY/Mechanist art/TILES/ITEMS/Generic items.png	PACKAGE_client/assets/a/r/tiles/ITEMS/Generic items.png	skipped	2468275	destination_exists
ROOT_SRC_assets/Mechanist_art_SRC_do_not_MODIFY/Mechanist art/TILES/ITEMS/Hiver Clothing.png	PACKAGE_client/assets/a/r/tiles/ITEMS/Hiver Clothing.png	skipped	3320572	destination_exists
ROOT_SRC_assets/Mechanist_art_SRC_do_not_MODIFY/Mechanist art/TILES/ITEMS/Knowledge devices.png	PACKAGE_client/assets/a/r/tiles/ITEMS/Knowledge devices.png	skipped	2722771	destination_exists
ROOT_SRC_assets/Mechanist_art_SRC_do_not_MODIFY/Mechanist art/TILES/ITEMS/Knowledges.png	PACKAGE_client/assets/a/r/tiles/ITEMS/Knowledges.png	skipped	3186921	destination_exists
ROOT_SRC_assets/Mechanist_art_SRC_do_not_MODIFY/Mechanist art/TILES/ITEMS/Medical items and drugs.png	PACKAGE_client/assets/a/r/tiles/ITEMS/Medical items and drugs.png	skipped	2753120	destination_exists
ROOT_SRC_assets/Mechanist_art_SRC_do_not_MODIFY/Mechanist art/TILES/ITEMS/Narcotics.png	PACKAGE_client/assets/a/r/tiles/ITEMS/Narcotics.png	skipped	3015880	destination_exists
ROOT_SRC_assets/Mechanist_art_SRC_do_not_MODIFY/Mechanist art/TILES/ITEMS/Quality level armors r.png	PACKAGE_client/assets/a/r/tiles/ITEMS/Quality level armors r.png	skipped	3455469	destination_exists
ROOT_SRC_assets/Mechanist_art_SRC_do_not_MODIFY/Mechanist art/TILES/ITEMS/WEAPONS-1.png	PACKAGE_client/assets/a/r/tiles/ITEMS/WEAPONS-1.png	skipped	2534719	destination_exists
ROOT_SRC_assets/Mechanist_art_SRC_do_not_MODIFY/Mechanist art/TILES/ITEMS/WEAPONS-2.png	PACKAGE_client/assets/a/r/tiles/ITEMS/WEAPONS-2.png	skipped	2610470	destination_exists
ROOT_SRC_assets/Mechanist_art_SRC_do_not_MODIFY/Mechanist art/TILES/ITEMS/Weapons-3+Newspaper-armors.png	PACKAGE_client/assets/a/r/tiles/ITEMS/Weapons-3+Newspaper-armors.png	skipped	2751369	destination_exists
ROOT_SRC_assets/Mechanist_art_SRC_do_not_MODIFY/Mechanist art/TILES/Knowledges/SKILLS.png	PACKAGE_client/assets/a/r/tiles/Knowledges/SKILLS.png	skipped	188114	destination_exists
ROOT_SRC_assets/Mechanist_art_SRC_do_not_MODIFY/Mechanist art/TILES/Knowledges/the_mechanist_skill_icons_rondels_transparent_320x320.png	PACKAGE_client/assets/a/r/tiles/Knowledges/the_mechanist_skill_icons_rondels_transparent_320x320.png	skipped	191084	destination_exists
ROOT_SRC_assets/Mechanist_art_SRC_do_not_MODIFY/Mechanist art/TILES/Objects/Animal pens, cloning vats, Algae tank.png	PACKAGE_client/assets/a/r/tiles/Objects/Animal pens, cloning vats, Algae tank.png	skipped	3106343	destination_exists
ROOT_SRC_assets/Mechanist_art_SRC_do_not_MODIFY/Mechanist art/TILES/Objects/barstuff.png	PACKAGE_client/assets/a/r/tiles/Objects/barstuff.png	skipped	3008650	destination_exists
ROOT_SRC_assets/Mechanist_art_SRC_do_not_MODIFY/Mechanist art/TILES/Objects/Children's-Creche.png	PACKAGE_client/assets/a/r/tiles/Objects/Children's-Creche.png	skipped	2970459	destination_exists
ROOT_SRC_assets/Mechanist_art_SRC_do_not_MODIFY/Mechanist art/TILES/Objects/DECOR.png	PACKAGE_client/assets/a/r/tiles/Objects/DECOR.png	skipped	2600612	destination_exists
ROOT_SRC_assets/Mechanist_art_SRC_do_not_MODIFY/Mechanist art/TILES/Objects/Domestic.png	PACKAGE_client/assets/a/r/tiles/Objects/Domestic.png	skipped	2648372	destination_exists
ROOT_SRC_assets/Mechanist_art_SRC_do_not_MODIFY/Mechanist art/TILES/Objects/FakeLostRelics.png	PACKAGE_client/assets/a/r/tiles/Objects/FakeLostRelics.png	skipped	3107870	destination_exists
ROOT_SRC_assets/Mechanist_art_SRC_do_not_MODIFY/Mechanist art/TILES/Objects/FARMstuff.png	PACKAGE_client/assets/a/r/tiles/Objects/FARMstuff.png	skipped	3094465	destination_exists
ROOT_SRC_assets/Mechanist_art_SRC_do_not_MODIFY/Mechanist art/TILES/Objects/goods.png	PACKAGE_client/assets/a/r/tiles/Objects/goods.png	skipped	2844443	destination_exists
ROOT_SRC_assets/Mechanist_art_SRC_do_not_MODIFY/Mechanist art/TILES/Objects/Junk_RGBA.png	PACKAGE_client/assets/a/r/tiles/Objects/Junk_RGBA.png	skipped	1673006	destination_exists
ROOT_SRC_assets/Mechanist_art_SRC_do_not_MODIFY/Mechanist art/TILES/Objects/LabsChem.png	PACKAGE_client/assets/a/r/tiles/Objects/LabsChem.png	skipped	2944276	destination_exists
ROOT_SRC_assets/Mechanist_art_SRC_do_not_MODIFY/Mechanist art/TILES/Objects/Loot_bodies.png	PACKAGE_client/assets/a/r/tiles/Objects/Loot_bodies.png	skipped	3205540	destination_exists
ROOT_SRC_assets/Mechanist_art_SRC_do_not_MODIFY/Mechanist art/TILES/Objects/Machinery.png	PACKAGE_client/assets/a/r/tiles/Objects/Machinery.png	skipped	3052328	destination_exists
ROOT_SRC_assets/Mechanist_art_SRC_do_not_MODIFY/Mechanist art/TILES/Objects/Medicaie.png	PACKAGE_client/assets/a/r/tiles/Objects/Medicaie.png	skipped	3006208	destination_exists
ROOT_SRC_assets/Mechanist_art_SRC_do_not_MODIFY/Mechanist art/TILES/Objects/Military parts.png	PACKAGE_client/assets/a/r/tiles/Objects/Military parts.png	skipped	3299262	destination_exists
ROOT_SRC_assets/Mechanist_art_SRC_do_not_MODIFY/Mechanist art/TILES/Objects/Objects manifest warning.txt	PACKAGE_client/assets/a/r/tiles/Objects/Objects manifest warning.txt	skipped	1542	destination_exists
ROOT_SRC_assets/Mechanist_art_SRC_do_not_MODIFY/Mechanist art/TILES/Objects/Paperwork.png	PACKAGE_client/assets/a/r/tiles/Objects/Paperwork.png	skipped	3277545	destination_exists
ROOT_SRC_assets/Mechanist_art_SRC_do_not_MODIFY/Mechanist art/TILES/Objects/parks-things.png	PACKAGE_client/assets/a/r/tiles/Objects/parks-things.png	skipped	2960927	destination_exists
ROOT_SRC_assets/Mechanist_art_SRC_do_not_MODIFY/Mechanist art/TILES/Objects/Service_items.png	PACKAGE_client/assets/a/r/tiles/Objects/Service_items.png	skipped	2827585	destination_exists
ROOT_SRC_assets/Mechanist_art_SRC_do_not_MODIFY/Mechanist art/TILES/Objects/Shops_Counters.png	PACKAGE_client/assets/a/r/tiles/Objects/Shops_Counters.png	skipped	3113143	destination_exists
ROOT_SRC_assets/Mechanist_art_SRC_do_not_MODIFY/Mechanist art/TILES/Objects/Tables.png	PACKAGE_client/assets/a/r/tiles/Objects/Tables.png	skipped	3125218	destination_exists
ROOT_SRC_assets/Mechanist_art_SRC_do_not_MODIFY/Mechanist art/TILES/Objects/Temple assets.png	PACKAGE_client/assets/a/r/tiles/Objects/Temple assets.png	skipped	2842051	destination_exists
ROOT_SRC_assets/Mechanist_art_SRC_do_not_MODIFY/Mechanist art/TILES/Objects/trainstuff.png	PACKAGE_client/assets/a/r/tiles/Objects/trainstuff.png	skipped	2999969	destination_exists
ROOT_SRC_assets/Mechanist_art_SRC_do_not_MODIFY/Mechanist art/TILES/Objects/Vending.png	PACKAGE_client/assets/a/r/tiles/Objects/Vending.png	skipped	2662231	destination_exists
ROOT_SRC_assets/Mechanist_art_SRC_do_not_MODIFY/Mechanist art/TILES/Protraits/Automata_servitors.png	PACKAGE_client/assets/a/r/tiles/Protraits/Automata_servitors.png	skipped	2668455	destination_exists
ROOT_SRC_assets/Mechanist_art_SRC_do_not_MODIFY/Mechanist art/TILES/Protraits/Clerics.png	PACKAGE_client/assets/a/r/tiles/Protraits/Clerics.png	skipped	2401245	destination_exists
ROOT_SRC_assets/Mechanist_art_SRC_do_not_MODIFY/Mechanist art/TILES/Protraits/Clerks.png	PACKAGE_client/assets/a/r/tiles/Protraits/Clerks.png	skipped	2189783	destination_exists
ROOT_SRC_assets/Mechanist_art_SRC_do_not_MODIFY/Mechanist art/TILES/Protraits/creatures.png	PACKAGE_client/assets/a/r/tiles/Protraits/creatures.png	skipped	2525920	destination_exists
ROOT_SRC_assets/Mechanist_art_SRC_do_not_MODIFY/Mechanist art/TILES/Protraits/Cultists.png	PACKAGE_client/assets/a/r/tiles/Protraits/Cultists.png	skipped	2292571	destination_exists
ROOT_SRC_assets/Mechanist_art_SRC_do_not_MODIFY/Mechanist art/TILES/Protraits/Enforcer_.png	PACKAGE_client/assets/a/r/tiles/Protraits/Enforcer_.png	skipped	2312696	destination_exists
ROOT_SRC_assets/Mechanist_art_SRC_do_not_MODIFY/Mechanist art/TILES/Protraits/Farm_beasts.png	PACKAGE_client/assets/a/r/tiles/Protraits/Farm_beasts.png	skipped	2678422	destination_exists
ROOT_SRC_assets/Mechanist_art_SRC_do_not_MODIFY/Mechanist art/TILES/Protraits/Flesh_cult.png	PACKAGE_client/assets/a/r/tiles/Protraits/Flesh_cult.png	skipped	2429332	destination_exists
ROOT_SRC_assets/Mechanist_art_SRC_do_not_MODIFY/Mechanist art/TILES/Protraits/Gangers.png	PACKAGE_client/assets/a/r/tiles/Protraits/Gangers.png	skipped	2299427	destination_exists
ROOT_SRC_assets/Mechanist_art_SRC_do_not_MODIFY/Mechanist art/TILES/Protraits/Heretics.png	PACKAGE_client/assets/a/r/tiles/Protraits/Heretics.png	skipped	2402789	destination_exists
ROOT_SRC_assets/Mechanist_art_SRC_do_not_MODIFY/Mechanist art/TILES/Protraits/Hospital.png	PACKAGE_client/assets/a/r/tiles/Protraits/Hospital.png	skipped	2587046	destination_exists
ROOT_SRC_assets/Mechanist_art_SRC_do_not_MODIFY/Mechanist art/TILES/Protraits/Humans8x8.png	PACKAGE_client/assets/a/r/tiles/Protraits/Humans8x8.png	skipped	2276253	destination_exists
ROOT_SRC_assets/Mechanist_art_SRC_do_not_MODIFY/Mechanist art/TILES/Protraits/Medicae.png	PACKAGE_client/assets/a/r/tiles/Protraits/Medicae.png	skipped	2679335	destination_exists
ROOT_SRC_assets/Mechanist_art_SRC_do_not_MODIFY/Mechanist art/TILES/Protraits/Mutants.png	PACKAGE_client/assets/a/r/tiles/Protraits/Mutants.png	skipped	2585243	destination_exists
ROOT_SRC_assets/Mechanist_art_SRC_do_not_MODIFY/Mechanist art/TILES/Protraits/nobles.png	PACKAGE_client/assets/a/r/tiles/Protraits/nobles.png	skipped	2276679	destination_exists
ROOT_SRC_assets/Mechanist_art_SRC_do_not_MODIFY/Mechanist art/TILES/Protraits/PDF_military.png	PACKAGE_client/assets/a/r/tiles/Protraits/PDF_military.png	skipped	2424873	destination_exists
ROOT_SRC_assets/Mechanist_art_SRC_do_not_MODIFY/Mechanist art/TILES/Protraits/pets.png	PACKAGE_client/assets/a/r/tiles/Protraits/pets.png	skipped	2969727	destination_exists
ROOT_SRC_assets/Mechanist_art_SRC_do_not_MODIFY/Mechanist art/TILES/Protraits/Schola_children.png	PACKAGE_client/assets/a/r/tiles/Protraits/Schola_children.png	skipped	2251769	destination_exists
ROOT_SRC_assets/Mechanist_art_SRC_do_not_MODIFY/Mechanist art/TILES/Protraits/Servants_butlers_chefs.png	PACKAGE_client/assets/a/r/tiles/Protraits/Servants_butlers_chefs.png	skipped	2505891	destination_exists
ROOT_SRC_assets/Mechanist_art_SRC_do_not_MODIFY/Mechanist art/TILES/Protraits/Specialprofiles.png	PACKAGE_client/assets/a/r/tiles/Protraits/Specialprofiles.png	skipped	2511016	destination_exists
ROOT_SRC_assets/Mechanist_art_SRC_do_not_MODIFY/Mechanist art/TILES/Protraits/UndyingLords.png	PACKAGE_client/assets/a/r/tiles/Protraits/UndyingLords.png	skipped	2514470	destination_exists
ROOT_SRC_assets/Mechanist_art_SRC_do_not_MODIFY/Mechanist art/TILES/Roads/n-s,e-w,r,i,S.png	PACKAGE_client/assets/a/r/tiles/Roads/n-s,e-w,r,i,S.png	skipped	3111772	destination_exists
ROOT_SRC_assets/Mechanist_art_SRC_do_not_MODIFY/Mechanist art/TILES/Roads/Road infrastructure.png	PACKAGE_client/assets/a/r/tiles/Roads/Road infrastructure.png	skipped	3011003	destination_exists
ROOT_SRC_assets/Mechanist_art_SRC_do_not_MODIFY/Mechanist art/TILES/Roads/Roads_manifest.txt	PACKAGE_client/assets/a/r/tiles/Roads/Roads_manifest.txt	skipped	343	destination_exists
ROOT_SRC_assets/Mechanist_art_SRC_do_not_MODIFY/Mechanist art/TILES/SYSTEM/FLATGRID.png	PACKAGE_client/assets/a/r/tiles/SYSTEM/FLATGRID.png	skipped	3201705	destination_exists
ROOT_SRC_assets/Mechanist_art_SRC_do_not_MODIFY/Mechanist art/TILES/SYSTEM/FRAMEDSystem 2.png	PACKAGE_client/assets/a/r/tiles/SYSTEM/FRAMEDSystem 2.png	skipped	2648201	destination_exists
ROOT_SRC_assets/Mechanist_art_SRC_do_not_MODIFY/Mechanist art/TILES/SYSTEM/FRAMEDSystem 3.png	PACKAGE_client/assets/a/r/tiles/SYSTEM/FRAMEDSystem 3.png	skipped	2735741	destination_exists
ROOT_SRC_assets/Mechanist_art_SRC_do_not_MODIFY/Mechanist art/TILES/SYSTEM/FRAMEDSystem 4.png	PACKAGE_client/assets/a/r/tiles/SYSTEM/FRAMEDSystem 4.png	skipped	2834168	destination_exists
ROOT_SRC_assets/Mechanist_art_SRC_do_not_MODIFY/Mechanist art/TILES/SYSTEM/Frameless_system_icons.png	PACKAGE_client/assets/a/r/tiles/SYSTEM/Frameless_system_icons.png	skipped	1749665	destination_exists
ROOT_SRC_assets/Mechanist_art_SRC_do_not_MODIFY/Mechanist art/TILES/SYSTEM/Ping1x5.png	PACKAGE_client/assets/a/r/tiles/SYSTEM/Ping1x5.png	skipped	929656	destination_exists
ROOT_SRC_assets/Mechanist_art_SRC_do_not_MODIFY/Mechanist art/TILES/SYSTEM/Sector designator.png	PACKAGE_client/assets/a/r/tiles/SYSTEM/Sector designator.png	skipped	3356255	destination_exists
ROOT_SRC_assets/Mechanist_art_SRC_do_not_MODIFY/Mechanist art/TILES/Vehicles/Vehicles2.png	PACKAGE_client/assets/a/r/tiles/Vehicles/Vehicles2.png	skipped	3083470	destination_exists
ROOT_SRC_assets/Mechanist_art_SRC_do_not_MODIFY/Mechanist art/TILES/VOID_tiles/level5+Darkcity.png	PACKAGE_client/assets/a/r/tiles/VOID_tiles/level5+Darkcity.png	skipped	1757003	destination_exists
ROOT_SRC_assets/Mechanist_art_SRC_do_not_MODIFY/Mechanist art/TILES/VOID_tiles/level5-lightcity.png	PACKAGE_client/assets/a/r/tiles/VOID_tiles/level5-lightcity.png	skipped	2937679	destination_exists
ROOT_SRC_assets/Mechanist_art_SRC_do_not_MODIFY/Mechanist art/TILES/Walls/Cultwalls.png	PACKAGE_client/assets/a/r/tiles/Walls/Cultwalls.png	skipped	2903321	destination_exists
ROOT_SRC_assets/Mechanist_art_SRC_do_not_MODIFY/Mechanist art/TILES/Walls/fleshCult-Walls.png	PACKAGE_client/assets/a/r/tiles/Walls/fleshCult-Walls.png	skipped	2937623	destination_exists
ROOT_SRC_assets/Mechanist_art_SRC_do_not_MODIFY/Mechanist art/TILES/Walls/Gangwalls.png	PACKAGE_client/assets/a/r/tiles/Walls/Gangwalls.png	skipped	2791334	destination_exists
ROOT_SRC_assets/Mechanist_art_SRC_do_not_MODIFY/Mechanist art/TILES/Walls/interwall.png	PACKAGE_client/assets/a/r/tiles/Walls/interwall.png	skipped	2976949	destination_exists
ROOT_SRC_assets/Mechanist_art_SRC_do_not_MODIFY/Mechanist art/TILES/Walls/Law-enforcement-walls.png	PACKAGE_client/assets/a/r/tiles/Walls/Law-enforcement-walls.png	skipped	2835073	destination_exists
ROOT_SRC_assets/Mechanist_art_SRC_do_not_MODIFY/Mechanist art/TILES/Walls/Military walls.png	PACKAGE_client/assets/a/r/tiles/Walls/Military walls.png	skipped	2771583	destination_exists
ROOT_SRC_assets/Mechanist_art_SRC_do_not_MODIFY/Mechanist art/TILES/Walls/Noble-and-noble security-walls.png	PACKAGE_client/assets/a/r/tiles/Walls/Noble-and-noble security-walls.png	skipped	2871509	destination_exists
ROOT_SRC_assets/Mechanist_art_SRC_do_not_MODIFY/Mechanist art/TILES/Walls/Sewerwalls.png	PACKAGE_client/assets/a/r/tiles/Walls/Sewerwalls.png	skipped	2969340	destination_exists
ROOT_SRC_assets/Mechanist_art_SRC_do_not_MODIFY/Mechanist art/TILES/Walls/Templewalls.png	PACKAGE_client/assets/a/r/tiles/Walls/Templewalls.png	skipped	3027604	destination_exists
ROOT_SRC_assets/Mechanist_art_SRC_do_not_MODIFY/Mechanist art/TILES/Walls/walls1.png	PACKAGE_client/assets/a/r/tiles/Walls/walls1.png	skipped	3229643	destination_exists
ROOT_SRC_assets/Mechanist_art_SRC_do_not_MODIFY/Mechanist art/TILES/Walls/walls2.png	PACKAGE_client/assets/a/r/tiles/Walls/walls2.png	skipped	2733482	destination_exists
ROOT_SRC_assets/Mechanist_art_SRC_do_not_MODIFY/Mechanist art/TILES/BULKHEAD/Bulkhead walls+doors-open.png	PACKAGE_client/assets/a/r/tiles/BULKHEAD/Bulkhead walls+doors-open.png	skipped	2741921	destination_exists
ROOT_SRC_assets/Mechanist_art_SRC_do_not_MODIFY/Mechanist art/TILES/BULKHEAD/Bulkhead walls+doors.png	PACKAGE_client/assets/a/r/tiles/BULKHEAD/Bulkhead walls+doors.png	skipped	3097984	destination_exists
ROOT_SRC_assets/Mechanist_art_SRC_do_not_MODIFY/Mechanist art/TILES/Corridors/Corridors A.png	PACKAGE_client/assets/a/r/tiles/Corridors/Corridors A.png	skipped	2922221	destination_exists
ROOT_SRC_assets/Mechanist_art_SRC_do_not_MODIFY/Mechanist art/TILES/Corridors/CorridorsB.png	PACKAGE_client/assets/a/r/tiles/Corridors/CorridorsB.png	skipped	3290726	destination_exists
ROOT_SRC_assets/Mechanist_art_SRC_do_not_MODIFY/Mechanist art/TILES/Defenses/Defenses.png	PACKAGE_client/assets/a/r/tiles/Defenses/Defenses.png	skipped	2885813	destination_exists
ROOT_SRC_assets/Mechanist_art_SRC_do_not_MODIFY/Mechanist art/TILES/Defenses/Enforcer_assets.png	PACKAGE_client/assets/a/r/tiles/Defenses/Enforcer_assets.png	skipped	3187444	destination_exists
ROOT_SRC_assets/Mechanist_art_SRC_do_not_MODIFY/Mechanist art/TILES/Defenses/Noble House defenses.png	PACKAGE_client/assets/a/r/tiles/Defenses/Noble House defenses.png	skipped	2921847	destination_exists
ROOT_SRC_assets/Mechanist_art_SRC_do_not_MODIFY/Mechanist art/TILES/Defenses/Noble Houses Defenses 2.png	PACKAGE_client/assets/a/r/tiles/Defenses/Noble Houses Defenses 2.png	skipped	2973598	destination_exists
ROOT_SRC_assets/Mechanist_art_SRC_do_not_MODIFY/Mechanist art/TILES/Defenses/PDF Defenses 2.png	PACKAGE_client/assets/a/r/tiles/Defenses/PDF Defenses 2.png	skipped	2962733	destination_exists
ROOT_SRC_assets/Mechanist_art_SRC_do_not_MODIFY/Mechanist art/TILES/Defenses/PDF Defenses.png	PACKAGE_client/assets/a/r/tiles/Defenses/PDF Defenses.png	skipped	2869799	destination_exists
ROOT_SRC_assets/Mechanist_art_SRC_do_not_MODIFY/Mechanist art/TILES/Defenses/Precinct_defenses.png	PACKAGE_client/assets/a/r/tiles/Defenses/Precinct_defenses.png	skipped	2897007	destination_exists
ROOT_SRC_assets/Mechanist_art_SRC_do_not_MODIFY/Mechanist art/TILES/Doors/Doors-C.png	PACKAGE_client/assets/a/r/tiles/Doors/Doors-C.png	skipped	2522822	destination_exists
ROOT_SRC_assets/Mechanist_art_SRC_do_not_MODIFY/Mechanist art/TILES/Doors/Doors-O.png	PACKAGE_client/assets/a/r/tiles/Doors/Doors-O.png	skipped	2018495	destination_exists
ROOT_SRC_assets/Mechanist_art_SRC_do_not_MODIFY/Mechanist art/TILES/Doors/Road doors.png	PACKAGE_client/assets/a/r/tiles/Doors/Road doors.png	skipped	2844876	destination_exists
ROOT_SRC_assets/Mechanist_art_SRC_do_not_MODIFY/Mechanist art/TILES/Doors/Stairs stairs elevator platforms hatches and ladders.png	PACKAGE_client/assets/a/r/tiles/Doors/Stairs stairs elevator platforms hatches and ladders.png	skipped	3087255	destination_exists
ROOT_SRC_assets/Mechanist_art_SRC_do_not_MODIFY/Mechanist art/TILES/Emergency_machines,1x1/emm_01.png	PACKAGE_client/assets/a/r/tiles/Emergency_machines,1x1/emm_01.png	skipped	35124	destination_exists
ROOT_SRC_assets/Mechanist_art_SRC_do_not_MODIFY/Mechanist art/TILES/Emergency_machines,1x1/emm_02.png	PACKAGE_client/assets/a/r/tiles/Emergency_machines,1x1/emm_02.png	skipped	34049	destination_exists
ROOT_SRC_assets/Mechanist_art_SRC_do_not_MODIFY/Mechanist art/TILES/Emergency_machines,1x1/emm_03.png	PACKAGE_client/assets/a/r/tiles/Emergency_machines,1x1/emm_03.png	skipped	36726	destination_exists
ROOT_SRC_assets/Mechanist_art_SRC_do_not_MODIFY/Mechanist art/TILES/Emergency_machines,1x1/emm_04.png	PACKAGE_client/assets/a/r/tiles/Emergency_machines,1x1/emm_04.png	skipped	32982	destination_exists
ROOT_SRC_assets/Mechanist_art_SRC_do_not_MODIFY/Mechanist art/TILES/Emergency_machines,1x1/emm_05.png	PACKAGE_client/assets/a/r/tiles/Emergency_machines,1x1/emm_05.png	skipped	20718	destination_exists
ROOT_SRC_assets/Mechanist_art_SRC_do_not_MODIFY/Mechanist art/TILES/Emergency_machines,1x1/emm_06.png	PACKAGE_client/assets/a/r/tiles/Emergency_machines,1x1/emm_06.png	skipped	12671	destination_exists
ROOT_SRC_assets/Mechanist_art_SRC_do_not_MODIFY/Mechanist art/TILES/Faction/Faction_2.png	PACKAGE_client/assets/a/r/tiles/Faction/Faction_2.png	skipped	2182630	destination_exists
ROOT_SRC_assets/Mechanist_art_SRC_do_not_MODIFY/Mechanist art/TILES/Faction/Faction_one .png	PACKAGE_client/assets/a/r/tiles/Faction/Faction_one .png	skipped	2274756	destination_exists
ROOT_SRC_assets/Mechanist_art_SRC_do_not_MODIFY/Mechanist art/TILES/floors/Assorted floors.png	PACKAGE_client/assets/a/r/tiles/floors/Assorted floors.png	skipped	3425592	destination_exists
ROOT_SRC_assets/Mechanist_art_SRC_do_not_MODIFY/Mechanist art/TILES/floors/Cultfloors.png	PACKAGE_client/assets/a/r/tiles/floors/Cultfloors.png	skipped	3210725	destination_exists
ROOT_SRC_assets/Mechanist_art_SRC_do_not_MODIFY/Mechanist art/TILES/floors/Factory floors.png	PACKAGE_client/assets/a/r/tiles/floors/Factory floors.png	skipped	3225294	destination_exists
ROOT_SRC_assets/Mechanist_art_SRC_do_not_MODIFY/Mechanist art/TILES/floors/FleshCult floors.png	PACKAGE_client/assets/a/r/tiles/floors/FleshCult floors.png	skipped	3181646	destination_exists
ROOT_SRC_assets/Mechanist_art_SRC_do_not_MODIFY/Mechanist art/TILES/floors/Floor-panels.png	PACKAGE_client/assets/a/r/tiles/floors/Floor-panels.png	skipped	3377866	destination_exists
ROOT_SRC_assets/Mechanist_art_SRC_do_not_MODIFY/Mechanist art/TILES/floors/Gangfloors.png	PACKAGE_client/assets/a/r/tiles/floors/Gangfloors.png	skipped	3050929	destination_exists
ROOT_SRC_assets/Mechanist_art_SRC_do_not_MODIFY/Mechanist art/TILES/floors/Posh-Floors.png	PACKAGE_client/assets/a/r/tiles/floors/Posh-Floors.png	skipped	3211723	destination_exists
ROOT_SRC_assets/Mechanist_art_SRC_do_not_MODIFY/Mechanist art/TILES/floors/Sewer floors.png	PACKAGE_client/assets/a/r/tiles/floors/Sewer floors.png	skipped	3028342	destination_exists
ROOT_SRC_assets/Mechanist_art_SRC_do_not_MODIFY/Mechanist art/TILES/floors/Sewer multi tile.png	PACKAGE_client/assets/a/r/tiles/floors/Sewer multi tile.png	skipped	2809455	destination_exists
ROOT_SRC_assets/Mechanist_art_SRC_do_not_MODIFY/Mechanist art/TILES/Implants/Assorted implant modifications.png	PACKAGE_client/assets/a/r/tiles/Implants/Assorted implant modifications.png	skipped	2604809	destination_exists
ROOT_SRC_assets/Mechanist_art_SRC_do_not_MODIFY/Mechanist art/TILES/Implants/Assorted implants.png	PACKAGE_client/assets/a/r/tiles/Implants/Assorted implants.png	skipped	2839883	destination_exists
ROOT_SRC_assets/Mechanist_art_SRC_do_not_MODIFY/Mechanist art/TILES/Implants/Quality tier implants.png	PACKAGE_client/assets/a/r/tiles/Implants/Quality tier implants.png	skipped	2947519	destination_exists
ROOT_SRC_assets/Mechanist_art_SRC_do_not_MODIFY/Mechanist art/TILES/ITEMS/Alcohols_Valuables_Sealed.png	PACKAGE_client/assets/a/r/tiles/ITEMS/Alcohols_Valuables_Sealed.png	skipped	2931179	destination_exists
ROOT_SRC_assets/Mechanist_art_SRC_do_not_MODIFY/Mechanist art/TILES/ITEMS/Automotive components.png	PACKAGE_client/assets/a/r/tiles/ITEMS/Automotive components.png	skipped	3326221	destination_exists
ROOT_SRC_assets/Mechanist_art_SRC_do_not_MODIFY/Mechanist art/TILES/ITEMS/Chemical reagents industrial components.png	PACKAGE_client/assets/a/r/tiles/ITEMS/Chemical reagents industrial components.png	skipped	3242704	destination_exists
ROOT_SRC_assets/Mechanist_art_SRC_do_not_MODIFY/Mechanist art/TILES/ITEMS/Faction rank journals,6x6.png	PACKAGE_client/assets/a/r/tiles/ITEMS/Faction rank journals,6x6.png	skipped	3276126	destination_exists
ROOT_SRC_assets/Mechanist_art_SRC_do_not_MODIFY/Mechanist art/TILES/ITEMS/Generic items.png	PACKAGE_client/assets/a/r/tiles/ITEMS/Generic items.png	skipped	2468275	destination_exists
ROOT_SRC_assets/Mechanist_art_SRC_do_not_MODIFY/Mechanist art/TILES/ITEMS/Hiver Clothing.png	PACKAGE_client/assets/a/r/tiles/ITEMS/Hiver Clothing.png	skipped	3320572	destination_exists
ROOT_SRC_assets/Mechanist_art_SRC_do_not_MODIFY/Mechanist art/TILES/ITEMS/Knowledge devices.png	PACKAGE_client/assets/a/r/tiles/ITEMS/Knowledge devices.png	skipped	2722771	destination_exists
ROOT_SRC_assets/Mechanist_art_SRC_do_not_MODIFY/Mechanist art/TILES/ITEMS/Knowledges.png	PACKAGE_client/assets/a/r/tiles/ITEMS/Knowledges.png	skipped	3186921	destination_exists
ROOT_SRC_assets/Mechanist_art_SRC_do_not_MODIFY/Mechanist art/TILES/ITEMS/Medical items and drugs.png	PACKAGE_client/assets/a/r/tiles/ITEMS/Medical items and drugs.png	skipped	2753120	destination_exists
ROOT_SRC_assets/Mechanist_art_SRC_do_not_MODIFY/Mechanist art/TILES/ITEMS/Narcotics.png	PACKAGE_client/assets/a/r/tiles/ITEMS/Narcotics.png	skipped	3015880	destination_exists
ROOT_SRC_assets/Mechanist_art_SRC_do_not_MODIFY/Mechanist art/TILES/ITEMS/Quality level armors r.png	PACKAGE_client/assets/a/r/tiles/ITEMS/Quality level armors r.png	skipped	3455469	destination_exists
ROOT_SRC_assets/Mechanist_art_SRC_do_not_MODIFY/Mechanist art/TILES/ITEMS/WEAPONS-1.png	PACKAGE_client/assets/a/r/tiles/ITEMS/WEAPONS-1.png	skipped	2534719	destination_exists
ROOT_SRC_assets/Mechanist_art_SRC_do_not_MODIFY/Mechanist art/TILES/ITEMS/WEAPONS-2.png	PACKAGE_client/assets/a/r/tiles/ITEMS/WEAPONS-2.png	skipped	2610470	destination_exists
ROOT_SRC_assets/Mechanist_art_SRC_do_not_MODIFY/Mechanist art/TILES/ITEMS/Weapons-3+Newspaper-armors.png	PACKAGE_client/assets/a/r/tiles/ITEMS/Weapons-3+Newspaper-armors.png	skipped	2751369	destination_exists
ROOT_SRC_assets/Mechanist_art_SRC_do_not_MODIFY/Mechanist art/TILES/Knowledges/SKILLS.png	PACKAGE_client/assets/a/r/tiles/Knowledges/SKILLS.png	skipped	188114	destination_exists
ROOT_SRC_assets/Mechanist_art_SRC_do_not_MODIFY/Mechanist art/TILES/Knowledges/the_mechanist_skill_icons_rondels_transparent_320x320.png	PACKAGE_client/assets/a/r/tiles/Knowledges/the_mechanist_skill_icons_rondels_transparent_320x320.png	skipped	191084	destination_exists
ROOT_SRC_assets/Mechanist_art_SRC_do_not_MODIFY/Mechanist art/TILES/Objects/Animal pens, cloning vats, Algae tank.png	PACKAGE_client/assets/a/r/tiles/Objects/Animal pens, cloning vats, Algae tank.png	skipped	3106343	destination_exists
ROOT_SRC_assets/Mechanist_art_SRC_do_not_MODIFY/Mechanist art/TILES/Objects/barstuff.png	PACKAGE_client/assets/a/r/tiles/Objects/barstuff.png	skipped	3008650	destination_exists
ROOT_SRC_assets/Mechanist_art_SRC_do_not_MODIFY/Mechanist art/TILES/Objects/Children's-Creche.png	PACKAGE_client/assets/a/r/tiles/Objects/Children's-Creche.png	skipped	2970459	destination_exists
ROOT_SRC_assets/Mechanist_art_SRC_do_not_MODIFY/Mechanist art/TILES/Objects/DECOR.png	PACKAGE_client/assets/a/r/tiles/Objects/DECOR.png	skipped	2600612	destination_exists
ROOT_SRC_assets/Mechanist_art_SRC_do_not_MODIFY/Mechanist art/TILES/Objects/Domestic.png	PACKAGE_client/assets/a/r/tiles/Objects/Domestic.png	skipped	2648372	destination_exists
ROOT_SRC_assets/Mechanist_art_SRC_do_not_MODIFY/Mechanist art/TILES/Objects/FakeLostRelics.png	PACKAGE_client/assets/a/r/tiles/Objects/FakeLostRelics.png	skipped	3107870	destination_exists
ROOT_SRC_assets/Mechanist_art_SRC_do_not_MODIFY/Mechanist art/TILES/Objects/FARMstuff.png	PACKAGE_client/assets/a/r/tiles/Objects/FARMstuff.png	skipped	3094465	destination_exists
ROOT_SRC_assets/Mechanist_art_SRC_do_not_MODIFY/Mechanist art/TILES/Objects/goods.png	PACKAGE_client/assets/a/r/tiles/Objects/goods.png	skipped	2844443	destination_exists
ROOT_SRC_assets/Mechanist_art_SRC_do_not_MODIFY/Mechanist art/TILES/Objects/Junk_RGBA.png	PACKAGE_client/assets/a/r/tiles/Objects/Junk_RGBA.png	skipped	1673006	destination_exists
ROOT_SRC_assets/Mechanist_art_SRC_do_not_MODIFY/Mechanist art/TILES/Objects/LabsChem.png	PACKAGE_client/assets/a/r/tiles/Objects/LabsChem.png	skipped	2944276	destination_exists
ROOT_SRC_assets/Mechanist_art_SRC_do_not_MODIFY/Mechanist art/TILES/Objects/Loot_bodies.png	PACKAGE_client/assets/a/r/tiles/Objects/Loot_bodies.png	skipped	3205540	destination_exists
ROOT_SRC_assets/Mechanist_art_SRC_do_not_MODIFY/Mechanist art/TILES/Objects/Machinery.png	PACKAGE_client/assets/a/r/tiles/Objects/Machinery.png	skipped	3052328	destination_exists
ROOT_SRC_assets/Mechanist_art_SRC_do_not_MODIFY/Mechanist art/TILES/Objects/Medicaie.png	PACKAGE_client/assets/a/r/tiles/Objects/Medicaie.png	skipped	3006208	destination_exists
ROOT_SRC_assets/Mechanist_art_SRC_do_not_MODIFY/Mechanist art/TILES/Objects/Military parts.png	PACKAGE_client/assets/a/r/tiles/Objects/Military parts.png	skipped	3299262	destination_exists
ROOT_SRC_assets/Mechanist_art_SRC_do_not_MODIFY/Mechanist art/TILES/Objects/Objects manifest warning.txt	PACKAGE_client/assets/a/r/tiles/Objects/Objects manifest warning.txt	skipped	1542	destination_exists
ROOT_SRC_assets/Mechanist_art_SRC_do_not_MODIFY/Mechanist art/TILES/Objects/Paperwork.png	PACKAGE_client/assets/a/r/tiles/Objects/Paperwork.png	skipped	3277545	destination_exists
ROOT_SRC_assets/Mechanist_art_SRC_do_not_MODIFY/Mechanist art/TILES/Objects/parks-things.png	PACKAGE_client/assets/a/r/tiles/Objects/parks-things.png	skipped	2960927	destination_exists
ROOT_SRC_assets/Mechanist_art_SRC_do_not_MODIFY/Mechanist art/TILES/Objects/Service_items.png	PACKAGE_client/assets/a/r/tiles/Objects/Service_items.png	skipped	2827585	destination_exists
ROOT_SRC_assets/Mechanist_art_SRC_do_not_MODIFY/Mechanist art/TILES/Objects/Shops_Counters.png	PACKAGE_client/assets/a/r/tiles/Objects/Shops_Counters.png	skipped	3113143	destination_exists
ROOT_SRC_assets/Mechanist_art_SRC_do_not_MODIFY/Mechanist art/TILES/Objects/Tables.png	PACKAGE_client/assets/a/r/tiles/Objects/Tables.png	skipped	3125218	destination_exists
ROOT_SRC_assets/Mechanist_art_SRC_do_not_MODIFY/Mechanist art/TILES/Objects/Temple assets.png	PACKAGE_client/assets/a/r/tiles/Objects/Temple assets.png	skipped	2842051	destination_exists
ROOT_SRC_assets/Mechanist_art_SRC_do_not_MODIFY/Mechanist art/TILES/Objects/trainstuff.png	PACKAGE_client/assets/a/r/tiles/Objects/trainstuff.png	skipped	2999969	destination_exists
ROOT_SRC_assets/Mechanist_art_SRC_do_not_MODIFY/Mechanist art/TILES/Objects/Vending.png	PACKAGE_client/assets/a/r/tiles/Objects/Vending.png	skipped	2662231	destination_exists
ROOT_SRC_assets/Mechanist_art_SRC_do_not_MODIFY/Mechanist art/TILES/Protraits/Automata_servitors.png	PACKAGE_client/assets/a/r/tiles/Protraits/Automata_servitors.png	skipped	2668455	destination_exists
ROOT_SRC_assets/Mechanist_art_SRC_do_not_MODIFY/Mechanist art/TILES/Protraits/Clerics.png	PACKAGE_client/assets/a/r/tiles/Protraits/Clerics.png	skipped	2401245	destination_exists
ROOT_SRC_assets/Mechanist_art_SRC_do_not_MODIFY/Mechanist art/TILES/Protraits/Clerks.png	PACKAGE_client/assets/a/r/tiles/Protraits/Clerks.png	skipped	2189783	destination_exists
ROOT_SRC_assets/Mechanist_art_SRC_do_not_MODIFY/Mechanist art/TILES/Protraits/creatures.png	PACKAGE_client/assets/a/r/tiles/Protraits/creatures.png	skipped	2525920	destination_exists
ROOT_SRC_assets/Mechanist_art_SRC_do_not_MODIFY/Mechanist art/TILES/Protraits/Cultists.png	PACKAGE_client/assets/a/r/tiles/Protraits/Cultists.png	skipped	2292571	destination_exists
ROOT_SRC_assets/Mechanist_art_SRC_do_not_MODIFY/Mechanist art/TILES/Protraits/Enforcer_.png	PACKAGE_client/assets/a/r/tiles/Protraits/Enforcer_.png	skipped	2312696	destination_exists
ROOT_SRC_assets/Mechanist_art_SRC_do_not_MODIFY/Mechanist art/TILES/Protraits/Farm_beasts.png	PACKAGE_client/assets/a/r/tiles/Protraits/Farm_beasts.png	skipped	2678422	destination_exists
ROOT_SRC_assets/Mechanist_art_SRC_do_not_MODIFY/Mechanist art/TILES/Protraits/Flesh_cult.png	PACKAGE_client/assets/a/r/tiles/Protraits/Flesh_cult.png	skipped	2429332	destination_exists
ROOT_SRC_assets/Mechanist_art_SRC_do_not_MODIFY/Mechanist art/TILES/Protraits/Gangers.png	PACKAGE_client/assets/a/r/tiles/Protraits/Gangers.png	skipped	2299427	destination_exists
ROOT_SRC_assets/Mechanist_art_SRC_do_not_MODIFY/Mechanist art/TILES/Protraits/Heretics.png	PACKAGE_client/assets/a/r/tiles/Protraits/Heretics.png	skipped	2402789	destination_exists
ROOT_SRC_assets/Mechanist_art_SRC_do_not_MODIFY/Mechanist art/TILES/Protraits/Hospital.png	PACKAGE_client/assets/a/r/tiles/Protraits/Hospital.png	skipped	2587046	destination_exists
ROOT_SRC_assets/Mechanist_art_SRC_do_not_MODIFY/Mechanist art/TILES/Protraits/Humans8x8.png	PACKAGE_client/assets/a/r/tiles/Protraits/Humans8x8.png	skipped	2276253	destination_exists
ROOT_SRC_assets/Mechanist_art_SRC_do_not_MODIFY/Mechanist art/TILES/Protraits/Medicae.png	PACKAGE_client/assets/a/r/tiles/Protraits/Medicae.png	skipped	2679335	destination_exists
ROOT_SRC_assets/Mechanist_art_SRC_do_not_MODIFY/Mechanist art/TILES/Protraits/Mutants.png	PACKAGE_client/assets/a/r/tiles/Protraits/Mutants.png	skipped	2585243	destination_exists
ROOT_SRC_assets/Mechanist_art_SRC_do_not_MODIFY/Mechanist art/TILES/Protraits/nobles.png	PACKAGE_client/assets/a/r/tiles/Protraits/nobles.png	skipped	2276679	destination_exists
ROOT_SRC_assets/Mechanist_art_SRC_do_not_MODIFY/Mechanist art/TILES/Protraits/PDF_military.png	PACKAGE_client/assets/a/r/tiles/Protraits/PDF_military.png	skipped	2424873	destination_exists
ROOT_SRC_assets/Mechanist_art_SRC_do_not_MODIFY/Mechanist art/TILES/Protraits/pets.png	PACKAGE_client/assets/a/r/tiles/Protraits/pets.png	skipped	2969727	destination_exists
ROOT_SRC_assets/Mechanist_art_SRC_do_not_MODIFY/Mechanist art/TILES/Protraits/Schola_children.png	PACKAGE_client/assets/a/r/tiles/Protraits/Schola_children.png	skipped	2251769	destination_exists
ROOT_SRC_assets/Mechanist_art_SRC_do_not_MODIFY/Mechanist art/TILES/Protraits/Servants_butlers_chefs.png	PACKAGE_client/assets/a/r/tiles/Protraits/Servants_butlers_chefs.png	skipped	2505891	destination_exists
ROOT_SRC_assets/Mechanist_art_SRC_do_not_MODIFY/Mechanist art/TILES/Protraits/Specialprofiles.png	PACKAGE_client/assets/a/r/tiles/Protraits/Specialprofiles.png	skipped	2511016	destination_exists
ROOT_SRC_assets/Mechanist_art_SRC_do_not_MODIFY/Mechanist art/TILES/Protraits/UndyingLords.png	PACKAGE_client/assets/a/r/tiles/Protraits/UndyingLords.png	skipped	2514470	destination_exists
ROOT_SRC_assets/Mechanist_art_SRC_do_not_MODIFY/Mechanist art/TILES/Roads/n-s,e-w,r,i,S.png	PACKAGE_client/assets/a/r/tiles/Roads/n-s,e-w,r,i,S.png	skipped	3111772	destination_exists
ROOT_SRC_assets/Mechanist_art_SRC_do_not_MODIFY/Mechanist art/TILES/Roads/Road infrastructure.png	PACKAGE_client/assets/a/r/tiles/Roads/Road infrastructure.png	skipped	3011003	destination_exists
ROOT_SRC_assets/Mechanist_art_SRC_do_not_MODIFY/Mechanist art/TILES/Roads/Roads_manifest.txt	PACKAGE_client/assets/a/r/tiles/Roads/Roads_manifest.txt	skipped	343	destination_exists
ROOT_SRC_assets/Mechanist_art_SRC_do_not_MODIFY/Mechanist art/TILES/SYSTEM/FLATGRID.png	PACKAGE_client/assets/a/r/tiles/SYSTEM/FLATGRID.png	skipped	3201705	destination_exists
ROOT_SRC_assets/Mechanist_art_SRC_do_not_MODIFY/Mechanist art/TILES/SYSTEM/FRAMEDSystem 2.png	PACKAGE_client/assets/a/r/tiles/SYSTEM/FRAMEDSystem 2.png	skipped	2648201	destination_exists
ROOT_SRC_assets/Mechanist_art_SRC_do_not_MODIFY/Mechanist art/TILES/SYSTEM/FRAMEDSystem 3.png	PACKAGE_client/assets/a/r/tiles/SYSTEM/FRAMEDSystem 3.png	skipped	2735741	destination_exists
ROOT_SRC_assets/Mechanist_art_SRC_do_not_MODIFY/Mechanist art/TILES/SYSTEM/FRAMEDSystem 4.png	PACKAGE_client/assets/a/r/tiles/SYSTEM/FRAMEDSystem 4.png	skipped	2834168	destination_exists
ROOT_SRC_assets/Mechanist_art_SRC_do_not_MODIFY/Mechanist art/TILES/SYSTEM/Frameless_system_icons.png	PACKAGE_client/assets/a/r/tiles/SYSTEM/Frameless_system_icons.png	skipped	1749665	destination_exists
ROOT_SRC_assets/Mechanist_art_SRC_do_not_MODIFY/Mechanist art/TILES/SYSTEM/Ping1x5.png	PACKAGE_client/assets/a/r/tiles/SYSTEM/Ping1x5.png	skipped	929656	destination_exists
ROOT_SRC_assets/Mechanist_art_SRC_do_not_MODIFY/Mechanist art/TILES/SYSTEM/Sector designator.png	PACKAGE_client/assets/a/r/tiles/SYSTEM/Sector designator.png	skipped	3356255	destination_exists
ROOT_SRC_assets/Mechanist_art_SRC_do_not_MODIFY/Mechanist art/TILES/Vehicles/Vehicles2.png	PACKAGE_client/assets/a/r/tiles/Vehicles/Vehicles2.png	skipped	3083470	destination_exists
ROOT_SRC_assets/Mechanist_art_SRC_do_not_MODIFY/Mechanist art/TILES/VOID_tiles/level5+Darkcity.png	PACKAGE_client/assets/a/r/tiles/VOID_tiles/level5+Darkcity.png	skipped	1757003	destination_exists
ROOT_SRC_assets/Mechanist_art_SRC_do_not_MODIFY/Mechanist art/TILES/VOID_tiles/level5-lightcity.png	PACKAGE_client/assets/a/r/tiles/VOID_tiles/level5-lightcity.png	skipped	2937679	destination_exists
ROOT_SRC_assets/Mechanist_art_SRC_do_not_MODIFY/Mechanist art/TILES/Walls/Cultwalls.png	PACKAGE_client/assets/a/r/tiles/Walls/Cultwalls.png	skipped	2903321	destination_exists
ROOT_SRC_assets/Mechanist_art_SRC_do_not_MODIFY/Mechanist art/TILES/Walls/fleshCult-Walls.png	PACKAGE_client/assets/a/r/tiles/Walls/fleshCult-Walls.png	skipped	2937623	destination_exists
ROOT_SRC_assets/Mechanist_art_SRC_do_not_MODIFY/Mechanist art/TILES/Walls/Gangwalls.png	PACKAGE_client/assets/a/r/tiles/Walls/Gangwalls.png	skipped	2791334	destination_exists
ROOT_SRC_assets/Mechanist_art_SRC_do_not_MODIFY/Mechanist art/TILES/Walls/interwall.png	PACKAGE_client/assets/a/r/tiles/Walls/interwall.png	skipped	2976949	destination_exists
ROOT_SRC_assets/Mechanist_art_SRC_do_not_MODIFY/Mechanist art/TILES/Walls/Law-enforcement-walls.png	PACKAGE_client/assets/a/r/tiles/Walls/Law-enforcement-walls.png	skipped	2835073	destination_exists
ROOT_SRC_assets/Mechanist_art_SRC_do_not_MODIFY/Mechanist art/TILES/Walls/Military walls.png	PACKAGE_client/assets/a/r/tiles/Walls/Military walls.png	skipped	2771583	destination_exists
ROOT_SRC_assets/Mechanist_art_SRC_do_not_MODIFY/Mechanist art/TILES/Walls/Noble-and-noble security-walls.png	PACKAGE_client/assets/a/r/tiles/Walls/Noble-and-noble security-walls.png	skipped	2871509	destination_exists
ROOT_SRC_assets/Mechanist_art_SRC_do_not_MODIFY/Mechanist art/TILES/Walls/Sewerwalls.png	PACKAGE_client/assets/a/r/tiles/Walls/Sewerwalls.png	skipped	2969340	destination_exists
ROOT_SRC_assets/Mechanist_art_SRC_do_not_MODIFY/Mechanist art/TILES/Walls/Templewalls.png	PACKAGE_client/assets/a/r/tiles/Walls/Templewalls.png	skipped	3027604	destination_exists
ROOT_SRC_assets/Mechanist_art_SRC_do_not_MODIFY/Mechanist art/TILES/Walls/walls1.png	PACKAGE_client/assets/a/r/tiles/Walls/walls1.png	skipped	3229643	destination_exists
ROOT_SRC_assets/Mechanist_art_SRC_do_not_MODIFY/Mechanist art/TILES/Walls/walls2.png	PACKAGE_client/assets/a/r/tiles/Walls/walls2.png	skipped	2733482	destination_exists
